Rk,Player,Pos,Age,Tm,G,MP,PER,TS%,3PAr,FTr,ORB%,DRB%,TRB%,AST%,STL%,BLK%,TOV%,USG%,,OWS,DWS,WS,WS/48,,OBPM,DBPM,BPM,VORP
1,Alex Abrines\abrinal01,SG,25,OKC,29,573,6.6,.510,.810,.085,0.9,7.7,4.2,4.5,1.4,0.9,8.1,12.2,,0.1,0.7,0.9,.073,,-2.2,-0.3,-2.5,-0.1
2,Jaylen Adams\adamsja01,PG,22,ATL,8,27,10.4,.500,.833,.000,0.0,12.2,5.9,19.6,1.7,3.2,14.3,10.6,,0.0,0.0,0.0,.050,,-3.2,-0.7,-3.9,0.0
3,Steven Adams\adamsst01,C,25,OKC,32,1075,20.9,.600,.000,.416,14.9,15.5,15.2,6.9,1.9,2.1,10.4,18.1,,2.7,1.9,4.5,.203,,1.3,1.9,3.3,1.4
4,Bam Adebayo\adebaba01,C,21,MIA,33,688,16.9,.575,.029,.526,10.4,24.5,17.4,13.6,1.6,3.7,16.5,15.6,,1.0,1.2,2.2,.155,,-1.3,3.5,2.2,0.7
5,DeVaughn Akoon-Purcell\akoonde01,SG,25,DEN,7,22,8.6,.322,.400,.200,4.9,14.9,9.8,37.9,4.5,0.0,15.5,25.1,,-0.1,0.0,0.0,-0.045,,-3.8,0.9,-2.9,0.0
6,LaMarcus Aldridge\aldrila01,C,33,SAS,35,1124,20.1,.542,.024,.291,10.2,20.8,15.5,10.5,0.7,3.0,9.5,26.4,,1.7,1.1,2.8,.121,,-0.5,0.0,-0.5,0.4
7,Rawle Alkins\alkinra01,SG,21,CHI,2,4,61.1,.375,.250,.000,80.9,0.0,40.5,93.2,12.2,0.0,0.0,44.3,,0.0,0.0,0.0,.543,,43.9,22.4,66.3,0.1
8,Grayson Allen\allengr01,SG,23,UTA,17,165,3.8,.473,.661,.403,0.7,2.7,1.7,6.1,0.3,0.0,12.0,21.8,,-0.2,0.1,-0.1,-0.039,,-4.2,-4.4,-8.6,-0.3
9,Jarrett Allen\allenja01,C,20,BRK,34,920,19.9,.640,.092,.464,10.4,22.9,16.5,9.2,1.0,3.9,12.3,16.7,,2.4,1.0,3.4,.178,,0.9,2.1,2.9,1.1
10,Al-Farouq Aminu\aminual01,PF,28,POR,34,1020,12.1,.571,.550,.285,4.7,22.6,13.8,3.4,1.7,0.9,9.6,12.6,,1.1,1.1,2.2,.104,,-0.4,0.4,0.1,0.5
11,Justin Anderson\anderju01,SG,25,ATL,15,117,16.7,.570,.435,.239,5.3,15.0,10.0,12.0,2.7,2.2,9.0,19.5,,0.2,0.1,0.3,.117,,0.0,-0.5,-0.5,0.0
12,Kyle Anderson\anderky01,SF,25,MEM,33,970,12.9,.554,.114,.219,4.2,20.0,12.0,14.7,2.2,2.5,15.0,12.4,,0.7,1.6,2.3,.112,,-2.1,3.6,1.5,0.9
13,Ryan Anderson\anderry01,PF,30,PHO,15,278,4.8,.423,.567,.233,5.6,12.6,9.1,8.2,0.5,0.3,15.4,12.3,,-0.2,0.1,-0.2,-0.028,,-4.2,-1.7,-5.8,-0.3
14,Ike Anigbogu\anigbik01,C,20,IND,3,6,-6.0,.000,.000,.000,19.1,35.9,27.7,19.5,0.0,15.1,25.0,29.1,,-0.1,0.0,-0.1,-0.467,,-22.3,9.0,-13.3,0.0
15,Giannis Antetokounmpo\antetgi01,PF,24,MIL,31,1050,28.4,.631,.135,.536,8.1,29.3,19.3,29.2,1.8,3.5,16.9,31.2,,3.1,2.4,5.5,.251,,4.3,4.9,9.2,3.0
16,Carmelo Anthony\anthoca01,PF,34,HOU,10,294,11.3,.513,.529,.182,3.4,18.1,10.5,2.7,0.7,2.0,5.8,20.7,,0.1,0.2,0.3,.044,,-2.6,-3.2,-5.8,-0.3
17,OG Anunoby\anunoog01,SF,21,TOR,30,624,9.9,.518,.509,.110,4.3,11.5,8.1,3.9,1.6,1.2,8.8,17.3,,0.0,0.7,0.7,.056,,-1.2,-0.4,-1.6,0.1
18,Ryan Arcidiacono\arcidry01,PG,24,CHI,34,967,11.0,.613,.674,.166,1.0,9.1,5.1,19.3,1.8,0.1,13.8,10.3,,1.3,0.6,1.9,.093,,0.0,-0.7,-0.7,0.3
19,Trevor Ariza\arizatr01,SF,33,TOT,31,1079,10.9,.515,.608,.172,1.9,16.3,9.0,13.4,2.4,0.6,13.3,14.8,,0.1,0.8,0.9,.041,,-1.0,0.6,-0.4,0.4
20,D.J. Augustin\augusdj01,PG,31,ORL,33,920,14.4,.607,.488,.304,1.9,7.0,4.3,25.3,0.8,0.0,13.8,16.5,,1.8,0.3,2.2,.114,,1.2,-3.0,-1.8,0.0
21,Deandre Ayton\aytonde01,C,20,PHO,35,1084,21.3,.622,.005,.207,10.6,28.9,19.7,12.6,0.9,2.7,12.9,21.3,,2.3,1.1,3.3,.148,,0.6,1.0,1.6,1.0
22,Dwayne Bacon\bacondw01,SG,23,CHO,17,210,12.9,.616,.268,.169,1.0,14.5,7.7,9.9,0.7,0.0,9.5,17.2,,0.3,0.1,0.4,.096,,-0.8,-2.6,-3.5,-0.1
23,Marvin Bagley\baglema01,PF,19,SAC,26,600,18.4,.592,.112,.446,10.6,16.9,13.7,5.7,0.8,3.8,13.4,22.2,,0.9,0.5,1.4,.109,,-0.5,-0.6,-1.1,0.1
24,Ron Baker\bakerro01,SG,25,TOT,13,137,3.5,.339,.611,.333,0.7,7.3,3.9,13.0,2.1,0.6,16.2,7.6,,-0.1,0.0,-0.1,-0.019,,-4.8,-0.8,-5.7,-0.1
24,Ron Baker\bakerro01,SG,25,NYK,11,107,4.5,.376,.563,.375,0.9,6.2,3.5,15.5,2.2,0.0,13.9,8.5,,0.0,0.0,0.0,.000,,-3.9,-1.6,-5.5,-0.1
24,Ron Baker\bakerro01,SG,25,WAS,2,30,-0.1,.000,1.000,.000,0.0,11.3,5.5,3.9,1.6,2.9,33.3,4.3,,-0.1,0.0,-0.1,-0.085,,-8.1,2.0,-6.2,0.0
25,Wade Baldwin\baldwwa01,PG,22,POR,11,60,1.4,.393,.318,.227,1.8,12.1,7.0,18.3,0.0,2.7,27.1,23.5,,-0.3,0.0,-0.2,-0.177,,-9.3,-1.8,-11.2,-0.1
26,Lonzo Ball\balllo01,PG,21,LAL,34,984,11.2,.478,.505,.096,4.0,14.2,9.2,21.1,2.4,1.0,18.6,16.4,,-0.3,1.3,1.1,.052,,-1.4,1.6,0.2,0.6
27,Mohamed Bamba\bambamo01,C,20,ORL,32,540,15.3,.524,.324,.223,8.5,22.2,15.1,10.0,0.9,6.8,11.3,18.2,,0.3,0.8,1.0,.092,,-2.4,2.7,0.3,0.3
28,J.J. Barea\bareajo01,PG,34,DAL,30,602,18.6,.517,.309,.201,1.8,11.6,6.8,48.0,1.4,0.1,13.9,28.0,,0.8,0.5,1.3,.105,,2.3,-2.3,0.0,0.3
29,Harrison Barnes\barneha02,SF,26,DAL,29,928,14.3,.554,.423,.263,2.8,11.2,7.1,5.6,1.1,0.8,8.1,23.9,,0.9,0.7,1.5,.080,,-0.2,-2.3,-2.5,-0.1
30,Will Barton\bartowi01,SG,28,DEN,2,54,22.6,.725,.429,.190,0.0,20.2,10.0,17.5,0.9,3.3,11.6,20.4,,0.2,0.1,0.3,.230,,3.2,0.0,3.2,0.1
31,Keita Bates-Diop\bateske01,SF,23,MIN,2,18,-1.1,.250,.500,.000,0.0,17.9,8.9,0.0,0.0,4.8,0.0,18.8,,-0.1,0.0,-0.1,-0.180,,-11.9,-4.1,-16.0,-0.1
32,Nicolas Batum\batumni01,SF,30,CHO,33,1010,11.2,.565,.450,.124,3.3,14.5,8.9,14.9,1.2,1.2,17.1,13.5,,0.7,0.8,1.4,.069,,-0.3,0.5,0.2,0.6
33,Jerryd Bayless\bayleje01,PG,30,MIN,3,30,10.1,.485,.429,.071,3.5,3.6,3.6,29.4,1.6,0.0,17.2,24.5,,0.0,0.0,0.0,-0.008,,-1.7,-4.6,-6.3,0.0
34,Aron Baynes\baynear01,C,32,BOS,25,356,15.3,.572,.356,.346,11.4,20.2,15.8,11.8,0.5,2.8,13.1,16.7,,0.7,0.6,1.3,.170,,-0.1,1.1,0.9,0.3
35,Kent Bazemore\bazemke01,SG,29,ATL,33,906,14.9,.552,.416,.276,2.2,13.4,7.6,14.7,2.9,3.1,14.0,21.9,,0.2,0.9,1.1,.060,,-0.7,0.9,0.2,0.5
36,Bradley Beal\bealbr01,SG,25,WAS,35,1280,18.7,.571,.369,.248,2.8,12.0,7.3,21.0,1.4,2.1,11.0,27.0,,1.8,0.4,2.2,.083,,2.5,-1.5,0.9,0.9
37,Malik Beasley\beaslma01,SG,22,DEN,32,640,12.5,.560,.515,.063,2.3,11.6,6.9,7.7,1.5,0.4,6.5,17.4,,0.7,0.7,1.4,.101,,0.2,-1.4,-1.2,0.1
38,Michael Beasley\beaslmi01,PF,30,LAL,10,71,12.4,.555,.108,.162,4.6,15.6,10.3,6.7,1.3,0.0,15.0,27.4,,0.0,0.1,0.0,.022,,-4.9,-3.3,-8.2,-0.1
39,Marco Belinelli\belinma01,SG,32,SAS,34,746,12.4,.532,.563,.150,1.2,9.6,5.4,12.5,1.1,0.6,7.0,20.3,,0.6,0.4,1.0,.067,,0.9,-2.5,-1.5,0.1
40,Jordan Bell\belljo01,C,24,GSW,33,395,12.5,.526,.014,.278,7.4,16.8,12.2,12.8,1.7,5.8,18.2,10.7,,0.3,0.5,0.9,.104,,-2.5,3.6,1.1,0.3
41,DeAndre' Bembry\bembrde01,SG,24,ATL,33,750,10.5,.492,.322,.248,2.3,17.5,9.7,16.9,2.4,2.3,16.7,17.5,,-0.5,0.7,0.2,.015,,-3.6,1.2,-2.4,-0.1
42,Dragan Bender\bendedr01,PF,21,PHO,11,88,5.0,.475,.591,.227,6.3,12.8,9.5,7.8,0.0,0.0,19.9,15.0,,-0.1,0.0,-0.1,-0.041,,-4.6,-3.3,-7.9,-0.1
43,Davis Bertans\bertada01,PF,26,SAS,31,559,16.6,.712,.734,.152,2.6,15.5,9.1,7.9,1.1,1.8,8.2,14.5,,1.5,0.5,2.0,.168,,3.9,-0.7,3.2,0.7
44,Patrick Beverley\beverpa01,PG,30,LAC,34,833,9.9,.506,.573,.257,3.4,12.7,8.2,18.5,1.3,1.0,13.6,13.6,,0.7,0.5,1.2,.067,,0.5,0.0,0.6,0.5
45,Khem Birch\birchkh01,C,26,ORL,11,89,11.8,.578,.000,.211,7.2,17.8,12.3,3.2,2.2,1.9,12.6,11.8,,0.1,0.1,0.2,.100,,-4.1,0.7,-3.4,0.0
46,Bismack Biyombo\biyombi01,C,26,CHO,10,77,10.3,.564,.000,.750,6.9,18.3,12.6,3.4,0.6,10.2,20.0,11.1,,0.0,0.1,0.1,.079,,-5.1,4.3,-0.8,0.0
47,Nemanja Bjelica\bjeline01,PF,30,SAC,34,832,16.5,.628,.444,.159,6.0,19.0,12.4,10.6,1.6,3.0,13.9,17.1,,1.3,0.8,2.2,.124,,1.8,1.2,2.9,1.0
48,Antonio Blakeney\blakean01,SG,22,CHI,28,446,11.4,.503,.268,.196,1.2,11.4,6.3,5.8,0.9,1.0,8.3,26.3,,-0.5,0.2,-0.3,-0.029,,-4.5,-3.8,-8.3,-0.7
49,Eric Bledsoe\bledser01,PG,29,MIL,33,986,19.2,.593,.381,.246,3.9,10.7,7.5,27.9,2.0,1.3,14.2,22.0,,2.2,1.5,3.7,.180,,2.8,0.7,3.5,1.4
50,Jaron Blossomgame\blossja01,SF,25,CLE,12,214,12.4,.606,.477,.114,6.5,17.7,11.9,5.3,0.9,1.2,9.8,10.5,,0.3,0.0,0.4,.081,,-0.6,-1.2,-1.7,0.0
51,Bogdan Bogdanovic\bogdabo01,SG,26,SAC,22,592,15.8,.549,.449,.239,2.1,10.9,6.4,20.2,1.2,0.3,8.8,23.0,,0.9,0.2,1.1,.093,,2.2,-2.5,-0.3,0.3
52,Bojan Bogdanovic\bogdabo02,SF,29,IND,35,1109,15.4,.643,.403,.311,1.8,11.5,6.8,7.2,1.4,0.0,12.2,20.0,,1.8,1.5,3.2,.140,,1.4,-0.9,0.5,0.7
53,Jonah Bolden\boldejo01,PF,23,PHI,10,79,6.6,.407,.588,.353,4.2,23.4,14.2,4.9,1.8,6.9,23.4,13.7,,-0.2,0.2,0.0,-0.010,,-7.2,3.5,-3.7,0.0
54,Isaac Bonga\bongais01,PG,19,LAL,5,17,13.3,.361,.143,.429,12.8,11.9,12.3,22.6,8.3,0.0,19.4,25.3,,0.0,0.0,0.0,.000,,-4.0,5.0,1.0,0.0
55,Devin Booker\bookede01,SG,22,PHO,25,905,18.7,.558,.375,.276,2.0,10.5,6.2,34.3,1.5,0.6,15.0,32.1,,0.8,0.4,1.1,.061,,3.4,-2.4,0.9,0.7
56,Chris Boucher\bouchch01,PF,26,TOR,7,31,28.0,.540,.533,.533,14.5,26.9,20.9,0.0,1.6,20.8,9.7,28.6,,0.0,0.1,0.1,.226,,-3.5,3.5,0.0,0.0
57,Avery Bradley\bradlav01,SG,28,LAC,28,824,5.2,.460,.382,.066,2.2,6.2,4.3,8.6,1.0,1.1,14.6,14.2,,-0.7,0.2,-0.5,-0.027,,-2.4,-0.5,-2.9,-0.2
58,Mikal Bridges\bridgmi01,SF,22,PHO,35,890,10.4,.535,.537,.166,2.6,9.5,6.0,7.6,2.7,1.3,9.6,13.3,,0.4,0.6,1.0,.054,,-1.0,0.5,-0.6,0.3
59,Miles Bridges\bridgmi02,SF,20,CHO,32,647,13.3,.566,.429,.188,3.1,17.5,10.2,6.9,1.5,3.2,9.2,15.1,,0.5,0.7,1.3,.094,,-0.9,0.8,-0.2,0.3
60,Isaiah Briscoe\briscis01,PG,22,ORL,12,80,2.2,.386,.080,.200,0.0,8.5,4.1,16.2,0.0,0.0,12.8,17.3,,-0.2,0.0,-0.2,-0.091,,-8.5,-3.7,-12.2,-0.2
61,Ryan Broekhoff\broekry01,SG,28,DAL,15,74,8.0,.490,.818,.045,3.0,16.0,9.6,5.7,0.6,1.1,8.2,14.0,,0.0,0.1,0.1,.037,,-2.6,-1.8,-4.4,0.0
62,Malcolm Brogdon\brogdma01,SG,26,MIL,30,888,16.8,.614,.342,.152,3.9,12.0,8.2,16.7,1.0,0.6,12.1,20.0,,1.8,1.1,2.9,.156,,1.7,-0.2,1.5,0.8
63,Dillon Brooks\brookdi01,SF,23,MEM,13,235,7.2,.477,.297,.270,2.9,9.4,6.1,7.9,1.7,1.6,12.7,18.7,,-0.3,0.3,0.0,.002,,-4.8,-0.5,-5.3,-0.2
64,MarShon Brooks\brookma01,SG,30,MEM,28,384,12.4,.520,.321,.196,3.6,10.0,6.8,10.9,1.2,1.0,9.9,24.4,,-0.1,0.4,0.2,.030,,-2.5,-2.4,-5.0,-0.3
65,Bruce Brown\brownbr01,SG,22,DET,25,444,8.3,.495,.314,.219,3.5,12.1,7.6,8.0,1.4,2.7,10.8,12.2,,0.1,0.6,0.6,.069,,-3.3,2.1,-1.2,0.1
66,Jaylen Brown\brownja02,SG,22,BOS,28,746,10.4,.484,.359,.238,4.3,11.8,8.0,8.2,1.6,1.9,10.8,21.3,,-0.4,1.1,0.7,.044,,-3.0,0.2,-2.8,-0.1
67,Lorenzo Brown\brownlo01,PG,28,TOR,22,197,6.7,.395,.415,.031,2.9,12.7,8.0,17.0,2.5,2.0,19.5,17.9,,-0.4,0.3,-0.1,-0.026,,-5.0,1.6,-3.5,-0.1
68,Sterling Brown\brownst02,SG,23,MIL,24,340,11.4,.559,.471,.098,4.1,16.2,10.5,9.4,0.8,0.7,9.4,14.5,,0.3,0.5,0.8,.113,,-1.3,-0.2,-1.5,0.0
69,Troy Brown\browntr01,SF,19,WAS,16,102,10.1,.399,.189,.270,3.2,19.9,11.4,18.7,2.8,0.0,8.8,19.0,,-0.1,0.1,0.0,-0.012,,-5.1,-0.7,-5.8,-0.1
70,Jalen Brunson\brunsja01,PG,22,DAL,29,492,10.8,.514,.313,.221,2.0,7.9,5.0,16.2,1.8,0.0,11.0,17.4,,0.2,0.4,0.6,.057,,-1.8,-1.4,-3.2,-0.2
71,Thomas Bryant\bryanth01,C,21,WAS,25,388,21.0,.720,.195,.310,7.8,23.8,15.6,7.9,1.0,3.5,11.1,15.9,,1.2,0.3,1.5,.181,,1.0,-0.1,0.9,0.3
72,Reggie Bullock\bullore01,SG,27,DET,24,723,10.9,.574,.619,.164,1.1,7.4,4.1,11.4,0.9,0.2,9.7,15.6,,0.8,0.6,1.4,.094,,0.4,-1.0,-0.6,0.3
73,Trey Burke\burketr01,PG,26,NYK,24,485,15.5,.484,.262,.206,3.1,9.1,6.0,23.8,1.6,0.4,8.2,25.6,,0.3,0.1,0.4,.039,,0.2,-3.1,-2.9,-0.1
74,Alec Burks\burksal01,SG,27,TOT,32,689,11.5,.488,.360,.294,1.7,15.9,8.6,12.9,1.3,1.5,10.2,21.7,,-0.1,0.5,0.3,.023,,-2.5,-1.1,-3.6,-0.3
74,Alec Burks\burksal01,SG,27,UTA,17,269,12.8,.547,.377,.333,0.8,10.3,5.6,11.7,1.1,1.2,10.3,23.5,,0.1,0.3,0.4,.077,,-1.8,-1.6,-3.3,-0.1
74,Alec Burks\burksal01,SG,27,CLE,15,420,10.7,.445,.348,.266,2.3,19.4,10.5,13.6,1.4,1.6,10.2,20.6,,-0.3,0.2,-0.1,-0.012,,-3.0,-0.8,-3.8,-0.2
75,Deonte Burton\burtode02,SG,25,OKC,15,131,8.0,.504,.283,.130,0.8,12.0,6.3,5.3,1.1,3.2,12.6,17.2,,-0.1,0.2,0.1,.048,,-5.9,0.1,-5.7,-0.1
76,Jimmy Butler\butleji01,SG,29,TOT,28,935,21.5,.581,.255,.348,5.6,10.3,8.0,16.8,3.0,1.8,8.0,23.3,,2.3,1.1,3.5,.178,,3.2,0.7,3.9,1.4
76,Jimmy Butler\butleji01,SG,29,MIN,10,361,22.6,.579,.287,.389,4.7,10.7,7.7,18.6,3.2,2.4,7.1,23.1,,1.0,0.4,1.4,.183,,4.0,1.3,5.2,0.7
76,Jimmy Butler\butleji01,SG,29,PHI,18,574,20.7,.583,.236,.323,6.2,10.0,8.2,15.7,2.9,1.4,8.5,23.4,,1.3,0.7,2.1,.175,,2.7,0.4,3.1,0.7
77,Jose Calderon\caldejo01,PG,37,DET,26,349,6.6,.381,.481,.091,2.1,8.3,5.1,25.7,1.7,0.5,18.4,11.8,,-0.2,0.4,0.2,.026,,-4.2,-0.4,-4.6,-0.2
78,Kentavious Caldwell-Pope\caldwke01,SG,25,LAL,34,750,12.2,.576,.584,.265,2.2,9.2,5.8,5.1,1.7,0.5,6.3,15.8,,1.0,0.7,1.7,.108,,0.2,-1.1,-0.9,0.2
79,Isaiah Canaan\canaais01,PG,27,PHO,19,503,7.6,.515,.558,.155,1.1,9.9,5.4,17.2,1.2,0.0,17.4,14.5,,-0.1,0.1,0.0,.004,,-2.4,-2.0,-4.4,-0.3
80,Clint Capela\capelca01,C,24,HOU,33,1109,24.6,.637,.000,.311,16.2,26.4,21.1,7.9,0.9,5.0,11.1,19.7,,3.6,1.2,4.8,.207,,1.7,1.6,3.3,1.5
81,DeMarre Carroll\carrode01,SF,32,BRK,25,571,9.7,.506,.561,.376,4.7,18.3,11.4,5.0,0.8,0.3,11.3,18.7,,0.1,0.3,0.4,.034,,-2.4,-2.2,-4.6,-0.4
82,Jevon Carter\carteje01,PG,23,MEM,4,63,2.7,.421,.474,.000,0.0,9.3,4.6,7.2,2.4,1.5,17.4,16.9,,-0.2,0.1,-0.1,-0.067,,-7.0,0.0,-7.0,-0.1
83,Vince Carter\cartevi01,SF,42,ATL,30,535,11.2,.543,.637,.116,2.3,14.4,8.2,8.7,1.5,1.8,8.3,16.6,,0.3,0.3,0.6,.054,,-1.1,-1.3,-2.4,-0.1
84,Wendell Carter\cartewe01,C,19,CHI,35,861,15.3,.532,.087,.307,8.4,21.2,14.8,12.2,1.0,5.1,13.5,20.2,,0.4,1.1,1.4,.079,,-2.7,2.4,-0.4,0.4
85,Michael Carter-Williams\cartemi01,PG,27,HOU,16,145,13.1,.476,.311,.426,2.3,8.1,5.1,23.3,3.1,3.5,12.1,25.0,,0.0,0.1,0.1,.039,,-2.7,-0.6,-3.3,0.0
86,Omri Casspi\casspom01,SF,30,MEM,24,296,17.4,.627,.287,.437,3.1,25.6,14.2,11.7,1.5,1.6,11.1,18.2,,0.5,0.5,0.9,.151,,-1.1,0.5,-0.6,0.1
87,Willie Cauley-Stein\caulewi01,C,25,SAC,34,964,18.1,.550,.003,.314,8.1,23.2,15.5,12.2,2.0,1.6,9.1,20.2,,1.4,1.1,2.5,.123,,-0.1,1.3,1.2,0.8
88,Tyson Chandler\chandty01,C,36,TOT,30,553,11.1,.612,.000,.770,11.4,26.1,18.9,4.7,1.4,1.8,23.4,8.1,,0.6,0.8,1.4,.121,,-2.8,2.0,-0.8,0.2
88,Tyson Chandler\chandty01,C,36,PHO,7,89,12.0,.653,.000,1.500,8.7,40.5,24.5,9.3,1.1,0.9,26.0,13.2,,0.1,0.1,0.2,.103,,-4.7,0.5,-4.2,0.0
88,Tyson Chandler\chandty01,C,36,LAL,23,464,10.9,.599,.000,.592,11.9,23.3,17.8,3.8,1.5,2.0,22.6,7.2,,0.5,0.7,1.2,.124,,-2.4,2.3,-0.1,0.2
89,Wilson Chandler\chandwi01,PF,31,PHI,22,576,8.9,.566,.532,.087,5.9,13.9,10.1,10.3,0.6,1.4,16.6,11.5,,0.4,0.5,0.8,.070,,-0.8,0.2,-0.6,0.2
90,Marquese Chriss\chrisma01,PF,21,HOU,10,57,4.5,.407,.455,.136,5.8,16.6,11.0,8.1,0.9,3.0,17.7,21.8,,-0.2,0.0,-0.1,-0.096,,-7.5,-1.8,-9.2,-0.1
91,Gary Clark\clarkga01,PF,24,HOU,24,384,8.8,.456,.918,.071,4.0,16.6,10.1,3.9,1.3,3.8,2.2,10.2,,0.2,0.3,0.5,.059,,-2.3,0.5,-1.8,0.0
92,Ian Clark\clarkia01,SG,27,NOP,25,353,4.6,.443,.467,.095,1.2,9.9,5.6,11.3,0.8,0.5,14.8,14.9,,-0.3,0.1,-0.3,-0.034,,-4.1,-2.1,-6.2,-0.4
93,Jordan Clarkson\clarkjo01,SG,26,CLE,34,898,17.7,.536,.345,.145,4.4,10.4,7.3,15.1,1.2,0.5,9.5,29.3,,0.9,0.0,0.9,.049,,2.0,-3.7,-1.8,0.1
94,John Collins\collijo01,PF,21,ATL,17,492,21.0,.626,.173,.274,12.4,24.8,18.4,14.5,0.1,1.8,14.2,24.5,,1.0,0.2,1.2,.121,,1.8,-1.3,0.5,0.3
95,Zach Collins\colliza01,C,21,POR,34,652,14.0,.601,.312,.296,7.9,15.5,11.8,6.6,0.8,3.7,16.4,16.7,,0.8,0.6,1.4,.103,,-0.5,0.6,0.1,0.3
96,Darren Collison\collida01,PG,31,IND,35,976,13.8,.526,.325,.243,2.1,9.3,5.8,27.0,2.5,0.6,15.4,15.7,,1.0,1.5,2.5,.125,,-0.4,0.6,0.2,0.6
97,Mike Conley\conlemi01,PG,31,MEM,33,1125,20.7,.547,.388,.318,1.7,9.7,5.7,33.5,1.9,1.3,8.8,27.6,,2.2,1.3,3.5,.149,,4.0,-1.0,3.0,1.4
98,Pat Connaughton\connapa01,SG,26,MIL,24,457,13.6,.515,.622,.148,5.4,15.1,10.5,13.7,1.3,2.8,6.5,14.2,,0.6,0.7,1.3,.140,,0.1,1.8,1.9,0.4
99,Quinn Cook\cookqu01,PG,25,GSW,30,488,13.7,.571,.428,.085,1.8,13.4,7.8,16.0,1.1,0.3,10.7,20.5,,0.5,0.3,0.8,.081,,0.2,-2.7,-2.5,-0.1
100,Robert Covington\covinro01,SF,28,TOT,32,1084,13.1,.573,.622,.238,2.2,15.4,8.8,5.0,3.0,3.1,10.6,15.4,,0.7,1.6,2.2,.099,,0.2,2.3,2.5,1.2
101,Allen Crabbe\crabbal01,SG,26,BRK,28,732,7.6,.501,.677,.153,1.9,12.7,7.2,5.8,1.1,0.9,10.8,17.4,,-0.2,0.4,0.2,.016,,-1.9,-1.4,-3.3,-0.2
102,Torrey Craig\craigto01,SF,28,DEN,27,539,8.1,.487,.477,.152,7.6,12.1,9.8,5.2,1.0,2.3,12.4,12.8,,0.1,0.6,0.6,.057,,-2.1,0.5,-1.6,0.1
103,Jamal Crawford\crawfja01,SG,38,PHO,30,527,9.3,.468,.434,.255,1.1,6.6,3.8,27.7,1.0,0.8,16.8,21.7,,-0.4,0.1,-0.3,-0.029,,-3.4,-4.1,-7.5,-0.7
104,Jae Crowder\crowdja01,SF,28,UTA,35,963,13.1,.558,.637,.286,2.9,16.3,9.6,8.7,1.2,1.3,8.2,18.7,,0.9,1.2,2.1,.106,,0.6,0.3,0.9,0.7
105,Dante Cunningham\cunnida01,PF,31,SAS,32,663,11.0,.608,.450,.110,6.1,17.5,11.8,6.9,1.5,1.5,12.3,8.6,,0.9,0.7,1.5,.109,,0.2,1.5,1.7,0.6
106,Seth Curry\curryse01,SG,28,POR,28,467,7.1,.556,.549,.041,1.8,6.4,4.2,7.3,0.7,0.3,13.9,13.1,,0.2,0.1,0.3,.030,,-1.4,-1.9,-3.3,-0.2
107,Stephen Curry\curryst01,PG,30,GSW,24,822,26.1,.661,.560,.252,2.0,13.6,8.0,24.9,1.9,0.7,11.7,30.7,,3.0,0.7,3.7,.218,,8.7,-2.0,6.6,1.8
108,Troy Daniels\danietr01,SG,27,PHO,15,225,11.1,.593,.750,.100,2.0,8.0,5.0,5.3,2.2,0.4,12.6,18.6,,0.1,0.1,0.2,.039,,-0.1,-2.7,-2.8,0.0
109,Anthony Davis\davisan02,C,25,NOP,31,1143,29.6,.586,.150,.419,9.3,26.9,18.3,19.8,2.1,6.0,8.4,29.1,,4.0,1.8,5.8,.244,,4.8,4.0,8.8,3.1
110,Ed Davis\davised01,C,29,BRK,36,639,18.1,.613,.014,.411,19.0,31.6,25.2,5.7,1.4,1.6,14.4,13.1,,1.5,0.8,2.3,.176,,-0.1,0.8,0.6,0.4
111,Tyler Davis\davisty01,C,21,OKC,1,1,0.0,.000,.000,.000,100.0,0.0,51.6,0.0,0.0,0.0,0.0,40.6,,0.0,0.0,0.0,-0.459,,-14.6,-20.0,-34.6,0.0
112,Dewayne Dedmon\dedmode01,C,29,ATL,27,648,14.1,.567,.348,.227,5.9,27.7,16.4,7.6,2.2,3.8,14.2,16.0,,0.4,0.8,1.2,.089,,-2.5,2.0,-0.5,0.2
113,Sam Dekker\dekkesa01,PF-SF,24,TOT,17,287,16.4,.573,.221,.126,5.6,15.5,10.4,8.0,3.4,0.6,9.1,16.7,,0.3,0.2,0.6,.095,,-0.4,-0.1,-0.5,0.1
113,Sam Dekker\dekkesa01,PF,24,CLE,9,169,14.4,.544,.271,.208,5.7,16.3,10.8,7.8,3.3,0.0,8.7,14.9,,0.2,0.1,0.3,.089,,-0.5,-0.1,-0.6,0.1
113,Sam Dekker\dekkesa01,SF,24,WAS,8,118,19.3,.606,.170,.043,5.5,14.3,9.8,8.3,3.6,1.5,9.5,19.1,,0.1,0.1,0.3,.103,,-0.3,-0.1,-0.4,0.0
114,Matthew Dellavedova\dellama01,PG,28,TOT,20,253,14.2,.613,.533,.173,0.0,11.1,5.5,34.8,1.0,0.0,22.9,18.0,,0.4,0.1,0.5,.099,,-0.1,-3.9,-4.0,-0.1
114,Matthew Dellavedova\dellama01,PG,28,MIL,12,97,7.7,.482,.579,.211,0.0,10.0,5.3,36.3,1.0,0.0,34.6,13.8,,0.0,0.1,0.1,.046,,-5.2,-2.9,-8.1,-0.2
114,Matthew Dellavedova\dellama01,PG,28,CLE,8,156,18.3,.659,.518,.161,0.0,11.8,5.7,33.9,1.0,0.0,17.8,20.6,,0.4,0.0,0.4,.133,,3.1,-4.5,-1.4,0.0
115,Luol Deng\denglu01,SF,33,MIN,4,32,16.4,.419,.385,.231,19.9,20.1,20.0,4.5,4.5,2.7,12.3,21.5,,0.0,0.1,0.0,.057,,-2.0,0.9,-1.1,0.0
116,DeMar DeRozan\derozde01,SG,29,SAS,35,1225,21.6,.548,.060,.349,2.3,15.2,8.8,28.9,1.3,1.2,10.0,29.7,,2.5,1.0,3.5,.137,,2.0,-0.2,1.8,1.2
117,Marcus Derrickson\derrima01,SF,22,GSW,4,19,-5.7,.417,.500,.000,0.0,11.1,5.7,0.0,0.0,0.0,25.0,18.1,,-0.1,0.0,-0.1,-0.178,,-10.5,-5.8,-16.3,-0.1
118,Cheick Diallo\diallch01,PF,22,NOP,25,246,16.0,.610,.015,.308,10.0,27.9,19.1,4.9,2.1,4.3,18.7,15.1,,0.2,0.4,0.6,.116,,-2.9,1.8,-1.1,0.1
119,Hamidou Diallo\diallha01,SG,20,OKC,27,342,14.3,.549,.151,.353,8.3,12.2,10.3,4.6,2.1,2.2,10.4,18.2,,0.4,0.6,0.9,.133,,-2.5,0.4,-2.1,0.0
120,Gorgui Dieng\dienggo01,C,29,MIN,34,474,15.6,.561,.151,.277,6.5,24.7,15.5,8.4,1.7,4.0,13.1,18.3,,0.4,0.6,1.0,.106,,-2.5,1.7,-0.8,0.1
121,Spencer Dinwiddie\dinwisp01,PG,25,BRK,36,1052,19.4,.607,.447,.410,1.8,7.7,4.7,29.3,1.0,0.7,12.9,25.2,,3.0,0.4,3.4,.156,,4.2,-3.0,1.3,0.9
122,Donte DiVincenzo\divindo01,SG,22,MIL,22,354,8.7,.492,.645,.103,4.0,11.8,8.1,9.6,1.6,1.2,13.2,15.3,,-0.1,0.5,0.4,.060,,-2.1,0.4,-1.7,0.0
123,Luka Doncic\doncilu01,PF,19,DAL,32,1037,17.7,.557,.412,.393,3.9,18.5,11.3,25.3,1.7,0.8,16.2,26.8,,1.0,1.1,2.2,.100,,1.7,0.5,2.2,1.1
124,Tyler Dorsey\dorsety01,SG,22,ATL,16,172,7.2,.430,.375,.328,3.6,16.0,9.6,11.7,1.1,0.0,9.8,19.2,,-0.2,0.1,-0.1,-0.036,,-5.0,-2.8,-7.8,-0.3
125,Damyean Dotson\dotsoda01,SG,24,NYK,26,665,12.6,.552,.430,.097,3.2,13.4,8.1,6.2,1.6,0.5,7.8,17.0,,0.6,0.2,0.8,.059,,-0.1,-1.8,-1.9,0.0
126,PJ Dozier\doziepj01,PG,22,BOS,2,8,31.6,.583,.333,.000,26.1,26.8,26.5,0.0,0.0,0.0,0.0,32.3,,0.0,0.0,0.0,.260,,2.7,-12.8,-10.1,0.0
127,Goran Dragic\dragigo01,PG,32,MIA,14,408,13.4,.510,.372,.266,2.0,9.0,5.5,27.1,1.2,0.9,14.3,25.3,,0.1,0.3,0.5,.053,,-0.4,-2.0,-2.3,0.0
128,Andre Drummond\drumman01,C,25,DET,32,1069,21.7,.519,.049,.375,17.1,32.8,24.6,6.7,2.2,4.9,12.8,24.5,,0.7,2.3,3.1,.138,,-1.9,3.5,1.6,1.0
129,Jared Dudley\dudleja01,PF,33,BRK,36,785,8.3,.553,.629,.208,3.3,10.9,7.0,9.9,1.3,1.0,13.9,11.0,,0.5,0.5,1.0,.062,,-0.9,0.2,-0.7,0.2
130,Kris Dunn\dunnkr01,PG,24,CHI,9,267,13.9,.524,.121,.178,0.4,19.0,9.7,32.9,2.0,0.3,16.6,22.9,,0.0,0.3,0.2,.042,,-2.0,0.0,-2.0,0.0
131,Kevin Durant\duranke01,PF,30,GSW,35,1252,26.3,.628,.257,.405,1.6,21.4,11.8,28.1,1.1,2.5,12.9,31.6,,4.3,1.3,5.6,.215,,5.1,0.3,5.4,2.3
132,Vince Edwards\edwarvi01,SF,22,HOU,1,4,33.0,.750,1.000,.000,27.5,0.0,14.2,0.0,0.0,0.0,0.0,22.0,,0.0,0.0,0.0,.315,,13.5,-11.5,2.0,0.0
133,Henry Ellenson\ellenhe01,PF,22,DET,2,25,14.9,.551,.400,.200,0.0,40.1,19.2,6.2,0.0,0.0,0.0,18.3,,0.0,0.0,0.1,.156,,-3.5,-2.4,-5.8,0.0
134,Wayne Ellington\ellinwa01,SG,31,MIA,20,453,10.2,.526,.834,.086,1.4,8.4,4.8,8.7,2.3,0.6,7.7,15.8,,0.3,0.5,0.8,.081,,0.3,-0.7,-0.4,0.2
135,Joel Embiid\embiijo01,C,24,PHI,34,1151,24.9,.589,.211,.536,7.6,33.2,20.8,17.6,0.7,4.1,13.1,32.5,,2.5,1.9,4.4,.185,,1.4,1.6,3.0,1.5
136,James Ennis\ennisja01,SF,28,HOU,23,579,11.0,.614,.584,.226,4.2,8.4,6.2,3.6,1.8,1.5,8.5,12.5,,0.8,0.3,1.1,.094,,0.3,-0.6,-0.4,0.2
137,Drew Eubanks\eubandr01,PF,21,SAS,7,34,25.6,.806,.000,.545,3.2,22.3,12.8,4.9,1.4,0.0,12.8,20.2,,0.1,0.0,0.2,.218,,1.7,-2.6,-0.9,0.0
138,Jacob Evans\evansja02,SG,21,GSW,19,85,-1.3,.220,.250,.050,1.3,7.4,4.5,15.5,0.6,1.0,16.4,12.3,,-0.2,0.0,-0.2,-0.113,,-8.6,-2.2,-10.8,-0.2
139,Jawun Evans\evansja01,PG,22,PHO,4,46,1.1,.200,.200,.000,2.4,22.0,12.2,22.5,2.1,0.0,28.6,13.3,,-0.2,0.0,-0.1,-0.131,,-9.9,0.7,-9.2,-0.1
140,Tyreke Evans\evansty01,SG,29,IND,31,659,11.9,.484,.362,.237,3.1,11.8,7.6,16.9,2.8,1.4,15.6,26.4,,-0.8,1.2,0.4,.026,,-2.9,0.6,-2.3,-0.1
141,Dante Exum\exumda01,PG,23,UTA,34,543,11.0,.521,.265,.402,2.1,8.7,5.4,21.3,1.2,0.6,15.2,20.9,,0.1,0.5,0.7,.059,,-2.5,-1.1,-3.6,-0.2
142,Kenneth Faried\farieke01,PF,29,BRK,9,50,21.6,.732,.000,.500,15.0,22.2,18.5,3.3,1.0,1.6,19.0,18.1,,0.1,0.0,0.2,.149,,-0.4,-2.0,-2.4,0.0
143,Derrick Favors\favorde01,C,27,UTA,34,784,21.0,.633,.123,.403,14.0,19.6,16.8,7.2,1.6,4.4,12.4,18.8,,1.9,1.4,3.2,.197,,1.4,2.8,4.2,1.2
144,Cristiano Felicio\feliccr01,C,26,CHI,23,256,12.0,.596,.019,.365,9.3,23.2,16.2,7.5,0.6,0.7,17.7,12.7,,0.3,0.2,0.5,.086,,-3.7,-0.4,-4.2,-0.1
145,Raymond Felton\feltora01,PG,34,OKC,13,143,11.0,.420,.394,.127,2.1,12.4,7.2,22.8,2.0,2.3,11.8,24.1,,-0.2,0.2,0.1,.026,,-4.2,-0.1,-4.2,-0.1
146,Terrance Ferguson\fergute01,SG,20,OKC,27,568,4.5,.491,.602,.119,2.7,5.7,4.2,4.0,1.1,0.7,10.8,9.9,,0.0,0.7,0.7,.056,,-3.2,0.1,-3.0,-0.1
147,Yogi Ferrell\ferreyo01,SG,25,SAC,24,314,12.6,.520,.412,.219,0.6,11.1,5.8,17.1,1.2,0.8,8.1,17.9,,0.3,0.1,0.4,.067,,-0.8,-2.2,-3.1,-0.1
148,Dorian Finney-Smith\finnedo01,SF,25,DAL,33,843,11.3,.572,.507,.261,7.0,11.0,9.0,3.9,1.9,1.8,10.8,13.1,,0.8,0.9,1.7,.097,,0.0,0.9,0.8,0.6
149,Bryn Forbes\forbebr01,PG,25,SAS,35,943,12.5,.586,.488,.110,0.9,9.3,5.1,12.3,1.0,0.2,10.6,18.9,,1.0,0.5,1.5,.075,,1.3,-2.2,-0.8,0.3
150,Evan Fournier\fournev01,SG,26,ORL,32,973,12.7,.525,.465,.159,1.6,10.0,5.7,20.1,1.5,0.6,12.4,24.5,,-0.1,0.7,0.6,.028,,-0.1,-1.8,-1.9,0.0
151,De'Aaron Fox\foxde01,PG,21,SAC,34,1081,19.4,.568,.228,.425,1.7,9.8,5.6,33.7,2.4,1.5,16.1,24.7,,1.8,0.8,2.7,.118,,2.1,-0.7,1.5,1.0
152,Melvin Frazier\frazime01,SG,22,ORL,3,16,-9.7,.000,.333,.000,0.0,7.1,3.4,0.0,3.1,0.0,25.0,11.1,,-0.1,0.0,-0.1,-0.247,,-14.2,0.1,-14.1,0.0
153,Tim Frazier\fraziti01,PG,28,NOP,26,520,11.4,.555,.427,.214,4.1,10.2,7.2,28.7,1.3,0.3,24.2,11.7,,0.7,0.2,0.9,.080,,-0.4,-1.7,-2.1,0.0
154,Channing Frye\fryech01,C,35,CLE,14,113,8.9,.576,.750,.083,1.9,21.4,11.3,3.9,1.3,0.8,17.7,17.6,,0.0,0.0,0.0,.009,,-2.7,-3.0,-5.7,-0.1
155,Markelle Fultz\fultzma01,SG,20,PHI,19,427,10.7,.452,.090,.239,6.7,10.6,8.7,20.0,1.9,0.9,12.7,19.4,,-0.1,0.4,0.3,.038,,-2.8,0.0,-2.9,-0.1
156,Danilo Gallinari\gallida01,SF,30,LAC,33,1034,20.7,.637,.412,.453,3.3,16.7,10.3,11.1,1.0,0.7,8.0,22.7,,3.5,0.6,4.1,.191,,4.6,-1.5,3.1,1.3
157,Langston Galloway\gallola01,SG,27,DET,31,767,10.6,.544,.637,.168,2.8,8.9,5.7,7.2,0.8,0.3,4.8,15.8,,0.9,0.6,1.6,.097,,0.4,-1.1,-0.8,0.2
158,Marc Gasol\gasolma01,C,34,MEM,34,1173,18.5,.548,.331,.322,3.7,25.5,14.4,20.6,2.0,4.0,12.4,22.7,,1.0,2.2,3.2,.133,,0.2,3.7,3.9,1.7
159,Pau Gasol\gasolpa01,C,38,SAS,9,157,21.3,.599,.163,.419,7.7,30.4,19.1,26.2,0.3,4.8,12.1,16.2,,0.5,0.2,0.7,.212,,1.6,3.0,4.6,0.3
160,Rudy Gay\gayru01,SF,32,SAS,31,837,18.9,.611,.252,.196,4.1,23.2,13.7,13.3,1.5,2.0,11.7,21.1,,1.5,1.0,2.5,.143,,1.5,0.9,2.4,0.9
161,Paul George\georgpa01,SF,28,OKC,33,1167,24.0,.583,.435,.286,4.3,20.5,12.3,19.6,2.9,1.6,11.3,29.2,,2.9,2.5,5.3,.220,,4.5,2.0,6.5,2.5
162,Taj Gibson\gibsota01,PF,33,MIN,33,835,17.5,.587,.100,.295,11.7,16.9,14.3,8.0,1.7,1.9,9.0,16.4,,1.8,0.7,2.5,.146,,1.2,0.9,2.1,0.9
163,Harry Giles\gilesha01,PF,20,SAC,23,233,13.8,.484,.027,.239,9.6,18.6,14.0,16.4,3.2,1.4,16.1,26.4,,-0.2,0.3,0.1,.017,,-3.2,0.9,-2.3,0.0
164,Shai Gilgeous-Alexander\gilgesh01,PG,20,LAC,34,931,13.2,.568,.181,.288,3.4,8.1,5.8,14.7,1.7,1.8,15.7,17.2,,0.8,0.5,1.3,.068,,-0.1,0.2,0.2,0.5
165,Rudy Gobert\goberru01,C,26,UTA,35,1086,23.8,.663,.000,.654,12.9,31.1,22.1,9.6,1.3,5.7,11.8,17.5,,3.3,2.3,5.6,.246,,1.5,5.0,6.5,2.4
166,Brandon Goodwin\goodwbr01,PG,23,DEN,3,9,47.4,.740,.400,.800,0.0,0.0,0.0,87.7,0.0,0.0,0.0,32.2,,0.2,0.0,0.2,.827,,20.9,-15.0,5.9,0.0
167,Aaron Gordon\gordoaa01,PF,23,ORL,31,1024,15.6,.536,.332,.218,5.8,19.3,12.4,15.1,1.4,2.0,11.2,21.6,,0.6,1.1,1.7,.081,,-0.1,0.9,0.8,0.7
168,Eric Gordon\gordoer01,SG,30,HOU,30,999,9.6,.490,.593,.169,1.3,7.1,4.1,9.8,0.7,1.2,8.6,22.6,,-0.1,0.1,0.0,.002,,-1.7,-3.3,-5.1,-0.8
169,Marcin Gortat\gortama01,C,34,LAC,27,465,12.1,.547,.000,.308,8.7,26.4,18.0,11.9,0.3,2.4,19.8,13.9,,0.3,0.4,0.7,.076,,-2.3,1.4,-0.9,0.1
170,Devonte' Graham\grahade01,PG,23,CHO,13,119,11.7,.489,.500,.053,0.0,9.1,4.5,28.2,2.0,0.0,13.4,16.2,,0.1,0.1,0.1,.058,,-1.5,-3.1,-4.6,-0.1
171,Treveon Graham\grahatr01,SG,25,BRK,2,27,-5.2,.000,.667,.000,4.0,12.3,8.1,4.5,1.8,0.0,40.0,8.0,,-0.1,0.0,-0.1,-0.148,,-9.6,1.3,-8.3,0.0
172,Jerami Grant\grantje01,PF,24,OKC,33,1016,14.1,.610,.347,.320,3.3,13.0,8.1,4.3,1.1,3.5,8.2,14.6,,1.6,1.6,3.2,.152,,-0.8,1.6,0.8,0.7
173,Jerian Grant\grantje02,PG,26,ORL,33,637,9.5,.488,.485,.176,2.3,8.7,5.4,23.7,2.5,0.4,21.0,12.9,,0.0,0.6,0.6,.042,,-2.8,-0.4,-3.2,-0.2
174,Danny Green\greenda02,SG,31,TOR,35,1042,11.3,.595,.675,.052,3.7,11.3,7.6,5.8,1.4,2.1,12.0,13.8,,0.9,1.2,2.1,.097,,1.1,1.3,2.4,1.1
175,Draymond Green\greendr01,PF,28,GSW,21,645,11.7,.475,.338,.186,3.1,24.0,13.9,27.2,2.9,2.2,29.3,14.8,,-0.3,1.0,0.7,.051,,-2.7,3.6,0.8,0.5
176,Gerald Green\greenge01,SG,33,HOU,29,536,9.8,.550,.789,.072,2.9,12.5,7.5,3.5,0.9,0.8,9.1,18.0,,0.3,0.2,0.5,.041,,-0.9,-3.5,-4.3,-0.3
177,JaMychal Green\greenja01,PF,28,MEM,22,511,15.5,.571,.261,.206,9.1,22.4,15.7,5.5,2.1,3.1,15.5,21.0,,0.1,0.9,1.0,.096,,-2.4,1.1,-1.4,0.1
178,Jeff Green\greenje02,PF,32,WAS,33,851,14.4,.627,.414,.289,4.8,15.5,10.1,7.1,1.1,1.5,11.6,16.4,,1.4,0.2,1.6,.092,,0.2,-1.3,-1.1,0.2
179,Blake Griffin\griffbl01,PF,29,DET,31,1114,20.6,.581,.351,.449,3.8,23.6,13.3,25.1,0.9,1.2,15.0,29.8,,1.8,1.4,3.2,.139,,3.3,1.2,4.5,1.8
180,Daniel Hamilton\hamilda02,SG,23,ATL,7,48,0.8,.349,.500,.167,0.0,9.2,4.4,13.6,1.0,0.0,18.9,13.5,,-0.1,0.0,-0.1,-0.101,,-7.8,-3.0,-10.7,-0.1
181,Tim Hardaway\hardati02,SG,26,NYK,33,1105,15.6,.534,.456,.325,1.6,9.3,5.3,14.5,1.4,0.4,9.2,27.0,,1.2,0.2,1.4,.060,,1.9,-3.4,-1.5,0.1
182,James Harden\hardeja01,SG,29,HOU,30,1100,28.3,.617,.532,.472,2.0,16.1,8.8,43.0,2.9,1.1,16.9,37.7,,4.0,1.1,5.0,.220,,9.8,0.2,10.0,3.3
183,Maurice Harkless\harklma01,SF,25,POR,21,427,10.2,.541,.369,.155,3.8,13.8,8.9,5.1,1.7,3.0,10.6,12.2,,0.2,0.4,0.7,.076,,-1.6,1.5,-0.1,0.2
184,Montrezl Harrell\harremo01,C,25,LAC,34,861,25.4,.650,.009,.598,10.8,17.0,14.0,10.5,1.6,4.7,9.8,22.2,,3.0,1.0,4.0,.222,,3.6,1.8,5.5,1.6
185,Devin Harris\harride01,PG,35,DAL,23,361,13.8,.551,.573,.387,0.9,11.9,6.5,11.9,2.5,1.4,8.8,18.7,,0.4,0.4,0.9,.113,,0.0,-0.2,-0.2,0.2
186,Gary Harris\harriga01,SG,24,DEN,21,678,14.9,.534,.374,.226,2.4,8.5,5.4,13.3,1.8,1.2,7.4,22.3,,0.8,0.7,1.5,.107,,0.8,-0.9,-0.2,0.3
187,Joe Harris\harrijo01,SG,27,BRK,33,996,14.5,.658,.538,.163,2.6,10.5,6.5,12.4,0.9,0.4,12.1,16.8,,2.1,0.4,2.5,.122,,2.6,-1.4,1.2,0.8
188,Tobias Harris\harrito02,PF,26,LAC,34,1173,19.4,.614,.302,.233,2.4,21.9,12.6,10.6,0.8,0.8,9.8,24.0,,2.5,0.9,3.3,.137,,2.4,-1.1,1.3,1.0
189,Andrew Harrison\harrian01,SG-PG,24,TOT,17,187,6.1,.443,.472,.340,3.4,8.4,5.8,17.1,1.1,0.9,16.5,16.9,,-0.1,0.0,-0.1,-0.021,,-3.3,-2.6,-6.0,-0.2
189,Andrew Harrison\harrian01,PG,24,MEM,1,5,5.0,.500,.500,.000,0.0,0.0,0.0,0.0,0.0,0.0,0.0,18.5,,0.0,0.0,0.0,-0.010,,-3.9,-6.1,-10.0,0.0
189,Andrew Harrison\harrian01,SG,24,CLE,10,144,7.0,.467,.359,.410,3.0,8.8,5.8,16.3,1.4,1.2,17.8,17.1,,-0.1,0.0,0.0,-0.014,,-3.5,-2.1,-5.6,-0.1
189,Andrew Harrison\harrian01,SG,24,NOP,6,38,3.2,.349,.833,.167,5.6,8.1,6.9,22.3,0.0,0.0,13.4,16.1,,0.0,0.0,0.0,-0.047,,-2.6,-4.3,-6.9,0.0
190,Shaquille Harrison\harrish01,PG,25,CHI,26,449,13.0,.489,.250,.360,1.7,14.7,8.2,14.2,4.0,1.7,11.3,17.5,,-0.2,0.7,0.5,.054,,-3.1,2.2,-0.9,0.1
191,Josh Hart\hartjo01,SG,23,LAL,34,865,10.9,.564,.622,.183,2.3,10.2,6.3,5.7,1.8,2.0,9.7,14.5,,0.6,1.0,1.5,.084,,-0.4,0.6,0.1,0.5
192,Isaiah Hartenstein\harteis01,PF,20,HOU,22,178,9.9,.585,.147,.412,10.5,11.9,11.2,8.9,1.1,4.3,23.0,12.9,,0.2,0.1,0.3,.079,,-2.7,1.1,-1.6,0.0
193,Udonis Haslem\hasleud01,C,38,MIA,3,14,-4.4,.333,.333,.000,7.3,30.1,18.5,0.0,0.0,0.0,25.0,24.1,,-0.1,0.0,-0.1,-0.233,,-15.9,-7.4,-23.3,-0.1
194,Gordon Hayward\haywago01,SF,28,BOS,29,776,14.2,.520,.411,.257,3.5,16.6,10.0,17.6,1.9,0.9,11.7,18.5,,0.7,1.3,1.9,.120,,-0.6,1.3,0.7,0.5
195,John Henson\hensojo01,C,28,MIL,14,188,17.5,.553,.463,.149,9.2,28.3,19.3,10.3,1.7,5.0,14.4,18.7,,0.1,0.4,0.6,.149,,-1.5,3.3,1.9,0.2
196,Juan Hernangomez\hernaju01,PF,23,DEN,31,858,14.5,.638,.559,.311,6.4,16.3,11.3,4.8,0.9,1.7,8.4,13.8,,1.8,0.9,2.7,.153,,1.6,-0.1,1.5,0.8
197,Willy Hernangomez\hernawi01,C,24,CHO,25,328,24.1,.631,.189,.465,17.0,23.5,20.2,10.5,1.2,2.9,13.1,23.1,,1.1,0.4,1.5,.216,,3.0,-0.3,2.6,0.4
198,Mario Hezonja\hezonma01,SF,23,NYK,31,547,8.3,.455,.361,.167,1.8,17.7,9.5,8.3,1.8,0.5,12.2,21.4,,-0.8,0.3,-0.5,-0.044,,-4.4,-2.0,-6.4,-0.6
199,Buddy Hield\hieldbu01,SG,25,SAC,34,1055,17.1,.590,.452,.136,3.7,13.7,8.6,11.4,0.7,1.0,10.4,25.3,,1.5,0.4,1.9,.088,,2.7,-2.5,0.2,0.6
200,Nene Hilario\hilarne01,C,36,HOU,11,163,12.5,.562,.054,.297,6.7,21.0,13.6,7.2,1.5,2.1,8.7,12.3,,0.2,0.1,0.4,.115,,-2.8,0.4,-2.3,0.0
201,George Hill\hillge01,PG,32,TOT,21,513,12.5,.578,.317,.193,3.5,6.4,5.0,14.7,1.6,0.3,12.3,15.2,,0.7,0.2,0.9,.087,,0.2,-1.5,-1.4,0.1
201,George Hill\hillge01,PG,32,CLE,13,344,14.0,.604,.262,.187,3.7,5.0,4.3,16.1,1.8,0.2,14.7,17.4,,0.5,0.0,0.5,.075,,0.8,-2.5,-1.6,0.0
201,George Hill\hillge01,PG,32,MIL,8,169,9.6,.506,.474,.211,3.2,9.2,6.3,12.0,1.4,0.5,4.6,10.8,,0.2,0.2,0.4,.113,,-1.2,0.3,-0.9,0.0
202,Solomon Hill\hillso01,SF,27,NOP,23,495,7.5,.510,.568,.182,5.2,11.8,8.5,7.0,1.3,1.0,15.2,9.3,,0.2,0.2,0.4,.038,,-1.3,0.2,-1.1,0.1
203,Aaron Holiday\holidaa01,PG,22,IND,21,256,13.7,.510,.491,.200,0.9,15.1,8.2,17.3,2.1,2.8,11.1,23.0,,0.0,0.5,0.5,.091,,-1.5,0.6,-0.8,0.1
204,Jrue Holiday\holidjr01,SG,28,NOP,35,1286,19.0,.558,.304,.241,3.4,9.1,6.3,34.6,2.1,1.8,16.3,25.0,,2.0,0.9,2.8,.106,,2.9,-0.6,2.4,1.4
205,Justin Holiday\holidju01,SG,29,CHI,35,1221,11.4,.536,.689,.111,1.6,12.5,7.1,9.8,2.4,1.5,10.2,15.7,,0.2,1.2,1.4,.054,,-0.1,1.0,0.9,0.9
206,John Holland\hollajo02,SF,30,CLE,1,1,0.0,,,,0.0,0.0,0.0,0.0,0.0,0.0,,0.0,,0.0,0.0,0.0,-0.030,,-6.1,-0.8,-6.9,0.0
207,Rondae Hollis-Jefferson\holliro01,SF,24,BRK,32,795,13.2,.475,.101,.424,6.2,20.6,13.3,11.9,1.7,1.6,10.6,21.3,,0.0,0.8,0.8,.050,,-3.5,0.8,-2.8,-0.2
208,Richaun Holmes\holmeri01,C,25,PHO,34,530,21.4,.674,.000,.370,12.2,20.6,16.4,5.8,1.7,6.2,13.7,18.0,,1.3,0.7,1.9,.175,,-0.1,1.9,1.8,0.5
209,Rodney Hood\hoodro01,SG,26,CLE,32,901,13.8,.551,.322,.240,1.4,8.4,4.8,11.4,1.5,0.3,6.7,19.5,,1.3,0.0,1.4,.074,,0.7,-2.6,-2.0,0.0
210,Al Horford\horfoal01,C,32,BOS,24,710,17.0,.559,.360,.136,5.6,17.7,11.6,17.5,1.2,4.9,12.0,17.7,,1.0,1.3,2.2,.152,,0.3,3.5,3.8,1.0
211,Danuel House\houseda01,SF,25,HOU,15,321,11.0,.584,.667,.420,4.1,12.1,8.0,4.6,1.1,0.8,10.3,14.6,,0.4,0.1,0.5,.079,,-0.6,-2.1,-2.7,-0.1
212,Dwight Howard\howardw01,C,33,WAS,9,230,17.9,.638,.000,.696,11.3,28.9,19.9,2.6,1.4,1.5,15.1,19.7,,0.4,0.2,0.6,.123,,-2.8,-2.5,-5.3,-0.2
213,Kevin Huerter\huertke01,SG,20,ATL,32,769,9.3,.545,.553,.117,3.4,10.0,6.6,12.8,1.5,1.5,16.6,13.8,,0.1,0.3,0.5,.029,,-1.7,-0.6,-2.3,-0.1
214,Chandler Hutchison\hutchch01,SF,22,CHI,30,520,7.7,.472,.250,.241,4.1,18.3,11.2,5.8,1.4,0.7,12.1,12.0,,-0.2,0.4,0.2,.018,,-5.0,0.2,-4.8,-0.4
215,Serge Ibaka\ibakase01,C,29,TOR,32,895,20.2,.604,.206,.209,8.2,19.7,14.1,7.8,0.9,3.9,11.2,23.6,,1.7,1.3,3.0,.162,,0.9,1.0,1.9,0.9
216,Andre Iguodala\iguodan01,SF,35,GSW,30,693,11.8,.573,.469,.215,3.4,12.2,7.9,16.1,1.5,2.5,15.4,10.4,,0.8,0.6,1.4,.100,,-0.2,0.9,0.7,0.5
217,Ersan Ilyasova\ilyaser01,PF,31,MIL,24,477,12.6,.549,.430,.215,8.6,18.9,14.0,7.8,1.3,1.1,11.4,16.2,,0.6,0.8,1.3,.131,,-0.8,0.6,-0.2,0.2
218,Joe Ingles\inglejo01,SF,31,UTA,35,1096,13.4,.572,.572,.164,1.0,12.9,7.0,22.8,2.5,0.4,16.9,17.7,,0.7,1.6,2.3,.099,,0.9,1.3,2.2,1.2
219,Brandon Ingram\ingrabr01,SG,21,LAL,23,709,11.7,.527,.145,.384,2.4,11.0,6.9,10.0,1.0,1.5,13.1,22.9,,-0.2,0.6,0.5,.032,,-3.4,-0.8,-4.2,-0.4
220,Kyrie Irving\irvinky01,PG,26,BOS,31,1000,24.7,.589,.366,.174,4.3,12.5,8.3,33.9,2.5,1.3,11.6,29.8,,2.8,1.7,4.4,.213,,6.5,1.0,7.5,2.4
221,Jonathan Isaac\isaacjo01,SF,21,ORL,27,644,12.1,.526,.346,.313,5.0,18.9,11.7,5.2,1.7,4.1,12.7,16.3,,0.0,0.8,0.9,.065,,-3.5,1.7,-1.7,0.0
222,Wesley Iwundu\iwundwe01,SF,24,ORL,23,378,6.1,.472,.286,.319,2.5,9.6,5.9,7.4,1.0,0.9,11.9,13.8,,-0.2,0.2,0.0,.006,,-4.8,-0.9,-5.7,-0.4
223,Demetrius Jackson\jacksde01,PG,24,PHI,3,14,14.5,.667,.000,.000,0.0,7.3,3.8,30.6,3.4,0.0,25.0,12.1,,0.0,0.0,0.0,.128,,-2.3,-2.0,-4.3,0.0
224,Frank Jackson\jacksfr01,PG,20,NOP,21,259,5.1,.511,.405,.214,0.8,5.9,3.4,6.0,0.5,0.0,13.2,16.8,,-0.1,0.0,-0.1,-0.024,,-3.6,-3.8,-7.4,-0.4
225,Jaren Jackson\jacksja02,C,19,MEM,34,868,17.9,.592,.247,.307,5.4,16.0,10.6,8.6,1.9,6.5,12.7,23.0,,0.8,1.5,2.3,.127,,-0.9,2.8,1.9,0.8
226,Josh Jackson\jacksjo02,SG,21,PHO,35,759,8.7,.452,.256,.247,3.4,16.6,9.9,15.4,2.3,2.1,18.6,24.5,,-1.9,0.7,-1.2,-0.075,,-5.9,0.3,-5.6,-0.7
227,Justin Jackson\jacksju01,SF,23,SAC,33,687,10.7,.565,.527,.151,2.1,11.4,6.6,8.2,0.9,0.9,5.7,12.7,,0.8,0.3,1.1,.074,,0.1,-1.2,-1.1,0.2
228,Reggie Jackson\jacksre01,PG,28,DET,32,913,14.5,.539,.465,.306,2.4,7.7,4.9,24.3,1.2,0.4,12.3,23.9,,1.2,0.8,2.0,.104,,1.6,-1.7,-0.1,0.4
229,LeBron James\jamesle01,PF,34,LAL,34,1178,26.6,.601,.291,.402,2.9,21.5,12.6,33.9,1.7,1.6,13.1,31.5,,3.4,1.7,5.1,.208,,5.9,1.7,7.6,2.9
230,Jonas Jerebko\jerebjo01,PF,31,GSW,35,717,14.1,.613,.554,.216,7.2,19.7,13.6,11.4,0.9,1.0,12.2,15.2,,1.4,0.6,2.0,.132,,1.6,-0.8,0.8,0.5
231,Alize Johnson\johnsal02,PF,22,IND,4,12,0.1,.258,.000,.667,0.0,35.9,18.5,0.0,0.0,7.5,0.0,14.1,,0.0,0.0,0.0,-0.062,,-15.1,-0.7,-15.8,0.0
232,Amir Johnson\johnsam01,C,31,PHI,31,295,13.1,.617,.217,.301,7.9,19.5,13.9,18.2,1.3,1.9,23.6,17.6,,0.3,0.4,0.6,.102,,-1.4,0.7,-0.7,0.1
233,James Johnson\johnsja01,PF,31,MIA,18,382,11.9,.505,.370,.174,2.4,14.6,8.4,18.1,1.7,1.4,11.9,18.6,,0.1,0.5,0.6,.075,,-1.6,0.2,-1.4,0.1
234,Stanley Johnson\johnsst04,SF,22,DET,28,620,9.9,.495,.523,.120,3.5,16.5,9.7,8.9,2.1,1.0,14.5,20.1,,-0.5,0.9,0.4,.029,,-2.7,0.8,-1.9,0.0
235,Tyler Johnson\johnsty01,PG,26,MIA,26,663,13.8,.568,.475,.271,1.7,10.5,6.0,14.1,1.6,1.8,12.4,19.5,,0.6,0.7,1.3,.097,,0.1,-0.3,-0.2,0.3
236,Wesley Johnson\johnswe01,SF,31,NOP,22,360,7.4,.545,.575,.075,3.0,12.5,7.8,5.5,1.3,1.6,12.7,10.8,,0.1,0.2,0.3,.042,,-1.7,-0.3,-1.9,0.0
237,Nikola Jokic\jokicni01,C,23,DEN,32,979,24.9,.575,.248,.322,9.2,25.7,17.4,37.3,2.4,1.9,16.4,25.8,,2.6,1.8,4.4,.217,,5.1,3.8,8.9,2.7
238,Damian Jones\jonesda03,C,23,GSW,24,410,15.7,.720,.000,.500,8.5,11.3,9.9,9.0,1.4,5.2,15.1,11.1,,1.0,0.4,1.4,.169,,0.9,2.3,3.1,0.5
239,Derrick Jones\jonesde02,SF,21,MIA,23,385,15.2,.526,.263,.398,11.4,15.0,13.2,4.3,2.1,3.8,9.8,16.8,,0.4,0.6,1.0,.124,,-1.4,1.3,-0.2,0.2
240,Jalen Jones\jonesja04,SF,25,CLE,8,65,13.0,.581,.500,.333,3.3,19.5,11.1,4.5,1.5,1.3,4.6,14.6,,0.1,0.0,0.1,.103,,-0.8,-2.2,-3.0,0.0
241,Tyus Jones\jonesty01,PG,22,MIN,33,612,11.1,.445,.368,.148,1.6,8.1,4.8,22.9,2.8,0.3,9.8,12.6,,0.3,0.5,0.8,.060,,-1.6,-0.4,-2.1,0.0
242,DeAndre Jordan\jordade01,C,30,DAL,33,1038,18.6,.672,.000,.630,10.9,37.8,24.6,10.3,1.1,2.5,20.9,14.5,,2.0,1.7,3.7,.171,,-0.8,3.3,2.5,1.2
243,Cory Joseph\josepco01,PG,27,IND,35,899,12.3,.522,.325,.074,1.8,13.7,7.9,20.4,2.5,0.8,14.6,14.3,,0.4,1.6,2.0,.107,,-1.2,1.9,0.7,0.6
244,Frank Kaminsky\kaminfr01,PF,25,CHO,20,231,15.3,.591,.439,.354,5.6,16.4,11.0,12.8,0.8,1.9,13.7,20.4,,0.3,0.2,0.5,.103,,0.4,-1.5,-1.1,0.1
245,Enes Kanter\kanteen01,C,26,NYK,35,953,22.5,.605,.044,.282,14.7,28.4,21.2,12.1,0.8,1.3,13.5,22.0,,2.5,0.6,3.1,.157,,2.0,-0.5,1.5,0.8
246,Luke Kennard\kennalu01,SG,22,DET,14,260,5.8,.471,.500,.024,0.8,13.7,7.0,9.0,0.7,1.0,14.5,15.6,,-0.3,0.3,0.0,-0.003,,-4.6,-0.2,-4.8,-0.2
247,Michael Kidd-Gilchrist\kiddgmi01,PF,25,CHO,26,505,16.5,.551,.095,.325,10.8,17.8,14.3,8.1,1.1,4.9,10.2,18.3,,0.8,0.6,1.4,.131,,-0.9,1.3,0.5,0.3
248,George King\kingge03,SF,25,PHO,1,6,2.0,,,,0.0,18.8,9.3,0.0,0.0,0.0,,0.0,,0.0,0.0,0.0,.009,,-8.6,-1.3,-10.0,0.0
249,Maxi Kleber\klebima01,PF,27,DAL,29,506,15.1,.554,.566,.211,7.2,15.1,11.2,5.8,1.2,6.4,8.3,15.2,,0.6,0.7,1.3,.125,,-0.4,2.4,2.0,0.5
250,Brandon Knight\knighbr03,PG,27,HOU,6,51,-8.8,.200,.750,.000,2.2,4.6,3.3,2.7,0.0,0.0,9.1,18.9,,-0.3,0.0,-0.3,-0.272,,-10.8,-5.7,-16.5,-0.2
251,Kevin Knox\knoxke01,PF,19,NYK,28,696,10.4,.483,.406,.229,3.8,14.4,8.9,5.8,1.0,1.2,9.2,23.1,,-0.4,0.2,-0.2,-0.011,,-2.5,-3.1,-5.5,-0.6
252,Furkan Korkmaz\korkmfu01,SG,21,PHI,27,388,12.6,.530,.566,.124,2.6,14.6,8.8,11.2,2.2,0.4,7.3,18.0,,0.3,0.5,0.7,.091,,-0.3,-1.0,-1.3,0.1
253,Luke Kornet\kornelu01,PF,23,NYK,13,106,16.8,.571,.800,.171,6.7,15.6,11.0,12.4,1.4,4.0,9.6,16.5,,0.2,0.1,0.3,.121,,2.1,-0.3,1.8,0.1
254,Kyle Korver\korveky01,PF-SG,37,TOT,29,485,12.7,.622,.707,.144,0.5,11.9,6.1,9.1,1.0,1.0,12.3,18.2,,0.5,0.3,0.8,.079,,0.7,-2.2,-1.5,0.1
254,Kyle Korver\korveky01,PF,37,CLE,16,251,11.8,.650,.711,.211,0.0,13.3,6.4,10.1,0.6,0.7,17.0,17.5,,0.3,0.0,0.3,.054,,0.3,-3.3,-3.0,-0.1
254,Kyle Korver\korveky01,SG,37,UTA,13,234,13.6,.598,.703,.088,1.0,10.4,5.7,8.0,1.4,1.4,7.8,19.0,,0.2,0.3,0.5,.106,,1.1,-1.0,0.1,0.1
255,Kosta Koufos\koufoko01,C,29,SAC,20,301,11.9,.465,.000,.111,9.8,26.7,18.0,8.9,1.8,2.8,13.3,13.5,,0.0,0.4,0.4,.068,,-3.5,2.2,-1.4,0.0
256,Rodions Kurucs\kurucro01,SF,20,BRK,19,360,16.0,.618,.354,.260,5.7,17.9,11.7,4.8,1.5,1.3,11.3,19.0,,0.6,0.3,0.9,.124,,-0.2,-1.2,-1.5,0.0
257,Kyle Kuzma\kuzmaky01,SF,23,LAL,34,1101,15.6,.570,.394,.212,2.4,15.6,9.2,10.3,0.9,1.3,9.7,22.7,,1.2,1.1,2.3,.100,,0.2,-0.9,-0.7,0.4
258,Skal Labissiere\labissk01,PF,22,SAC,10,94,5.9,.503,.385,.423,2.2,19.1,10.4,5.4,1.0,1.8,16.3,16.2,,-0.1,0.1,0.0,-0.008,,-4.9,-1.1,-6.0,-0.1
259,Jeremy Lamb\lambje01,SG,26,CHO,33,973,16.9,.553,.321,.268,3.1,18.0,10.5,10.1,1.9,0.8,5.7,21.5,,1.5,1.0,2.5,.123,,0.9,-0.7,0.2,0.5
260,Zach LaVine\lavinza01,SG,23,CHI,29,1014,17.9,.561,.279,.323,1.3,13.3,7.3,24.7,1.4,1.3,15.5,31.9,,0.0,0.8,0.8,.038,,0.8,-1.2,-0.4,0.4
261,Jake Layman\laymaja01,SF,24,POR,25,368,12.8,.598,.495,.146,5.0,11.5,8.3,2.7,2.0,1.7,11.3,14.3,,0.4,0.3,0.7,.091,,-0.3,-0.4,-0.7,0.1
262,T.J. Leaf\leaftj01,PF,21,IND,17,118,8.4,.423,.262,.095,9.7,15.5,12.7,5.9,0.8,1.5,10.3,18.1,,-0.1,0.2,0.1,.022,,-5.0,-1.1,-6.1,-0.1
263,Courtney Lee\leeco01,SG,33,NYK,9,126,13.2,.514,.342,.289,4.0,14.9,9.2,13.8,1.9,1.4,6.5,15.3,,0.1,0.1,0.2,.084,,-0.7,-0.7,-1.4,0.0
264,Damion Lee\leeda03,SG,26,GSW,16,195,10.9,.612,.534,.224,1.7,14.0,8.1,2.1,2.0,0.0,11.2,15.8,,0.1,0.2,0.3,.076,,-1.3,-2.7,-4.0,-0.1
265,Alex Len\lenal01,C,25,ATL,30,591,14.3,.559,.232,.346,10.1,18.6,14.2,7.6,0.7,4.1,15.2,21.4,,0.3,0.4,0.7,.055,,-2.4,-0.6,-3.0,-0.2
266,Kawhi Leonard\leonaka01,SF,27,TOR,27,945,26.5,.606,.253,.380,4.3,21.0,12.9,14.2,2.5,1.3,8.6,29.9,,3.0,1.6,4.6,.232,,4.1,1.0,5.1,1.7
267,Meyers Leonard\leoname01,C,26,POR,31,421,17.1,.654,.508,.238,7.4,23.6,15.6,11.7,0.9,0.8,13.6,16.3,,1.1,0.4,1.4,.165,,2.1,-0.5,1.6,0.4
268,Jon Leuer\leuerjo01,PF,29,DET,19,192,14.7,.655,.107,.268,6.4,17.4,11.7,5.0,1.3,0.9,14.9,16.1,,0.3,0.2,0.5,.131,,-1.9,-0.1,-2.0,0.0
269,Caris LeVert\leverca01,SF,24,BRK,14,416,18.7,.557,.299,.299,3.6,12.3,7.9,21.3,2.0,0.9,11.5,26.9,,0.6,0.3,0.9,.106,,1.7,-0.9,0.8,0.3
270,Damian Lillard\lillada01,PG,28,POR,34,1198,24.7,.593,.391,.355,2.5,11.8,7.3,27.8,1.3,1.3,10.2,30.5,,4.2,0.8,5.0,.201,,6.8,-1.3,5.5,2.3
271,Jeremy Lin\linje01,PG,30,ATL,29,537,17.5,.636,.380,.433,1.3,12.3,6.6,27.6,1.9,0.5,18.4,23.0,,1.0,0.3,1.2,.111,,1.3,-2.4,-1.1,0.1
272,Shaun Livingston\livinsh01,PG,33,GSW,25,411,11.2,.465,.019,.286,6.3,8.7,7.5,17.5,1.5,2.9,13.2,14.2,,0.2,0.3,0.6,.067,,-2.7,0.4,-2.3,0.0
273,Zach Lofton\loftoza01,SG,26,DET,1,4,-9.9,.000,1.000,.000,0.0,0.0,0.0,0.0,12.1,0.0,50.0,21.0,,0.0,0.0,0.0,-0.429,,-16.5,8.4,-8.1,0.0
274,Kevon Looney\looneke01,C,22,GSW,35,715,16.1,.633,.039,.305,13.8,14.7,14.3,11.9,0.8,3.2,13.0,12.0,,1.9,0.6,2.5,.168,,1.7,1.2,2.9,0.9
275,Brook Lopez\lopezbr01,C,30,MIL,33,912,13.1,.567,.694,.144,1.7,12.9,7.6,5.5,0.9,5.9,8.8,17.2,,0.6,1.5,2.1,.112,,-0.5,2.2,1.7,0.9
276,Robin Lopez\lopezro01,C,30,CHI,28,486,10.2,.541,.083,.208,7.3,8.4,7.9,9.7,0.4,4.8,21.1,18.1,,-0.3,0.3,0.0,-0.002,,-4.7,0.7,-4.0,-0.2
277,Kevin Love\loveke01,PF,30,CLE,4,136,16.0,.478,.369,.508,7.8,37.2,22.0,15.7,0.4,0.6,11.2,28.9,,0.0,0.1,0.1,.039,,-1.6,-2.3,-3.9,-0.1
278,Kyle Lowry\lowryky01,PG,32,TOR,30,1023,18.5,.568,.573,.244,1.5,12.2,7.1,38.8,1.9,1.1,17.7,19.5,,2.3,1.2,3.5,.166,,3.3,0.1,3.4,1.4
279,Jordan Loyd\loydjo01,PG,25,TOR,3,17,32.2,1.261,.667,1.333,6.6,24.5,15.9,8.3,0.0,0.0,17.4,14.6,,0.1,0.0,0.2,.424,,11.1,-2.5,8.5,0.0
280,Timothe Luwawu-Cabarrot\luwawti01,SF,23,OKC,17,117,4.4,.401,.512,.146,3.5,11.6,7.5,4.4,1.6,0.7,10.3,16.9,,-0.2,0.2,0.0,-0.001,,-6.1,-1.2,-7.3,-0.2
281,Tyler Lydon\lydonty01,PF,22,DEN,11,41,19.3,.901,.500,.250,10.5,13.3,11.9,6.9,1.2,0.0,10.1,10.3,,0.2,0.0,0.2,.227,,4.7,-1.5,3.2,0.1
282,Trey Lyles\lylestr01,PF,23,DEN,32,653,12.4,.504,.387,.283,3.8,20.4,12.0,10.2,1.4,2.1,12.8,23.6,,-0.3,0.9,0.6,.046,,-2.8,-0.2,-3.1,-0.2
283,Shelvin Mack\macksh01,PG,28,MEM,34,830,11.1,.516,.346,.232,1.5,7.9,4.6,19.3,2.1,0.3,13.4,17.4,,0.1,0.9,1.0,.056,,-2.0,-0.8,-2.9,-0.2
284,Daryl Macon\maconda01,SG,23,DAL,1,1,0.0,,,,0.0,0.0,0.0,0.0,0.0,0.0,,0.0,,0.0,0.0,0.0,.002,,-6.0,0.4,-5.6,0.0
285,Ian Mahinmi\mahinia01,C,32,WAS,18,247,11.9,.570,.190,1.143,11.0,15.9,13.4,4.7,1.9,2.1,13.7,12.6,,0.4,0.1,0.5,.101,,-1.8,-0.2,-2.0,0.0
286,Thon Maker\makerth01,C,21,MIL,25,303,14.6,.584,.614,.307,3.9,18.9,11.8,5.9,0.9,4.2,6.5,17.0,,0.4,0.5,1.0,.151,,-0.5,0.8,0.2,0.2
287,Boban Marjanovic\marjabo01,C,30,LAC,26,291,28.1,.686,.009,.670,16.6,26.5,21.8,8.9,1.3,3.9,15.7,25.2,,1.2,0.4,1.6,.256,,2.8,0.2,3.1,0.4
288,Lauri Markkanen\markkla01,PF,21,CHI,12,360,16.6,.547,.458,.151,4.2,20.1,12.1,6.8,1.6,2.1,8.6,25.7,,0.1,0.4,0.5,.061,,-0.5,-1.5,-2.0,0.0
289,Jarell Martin\martija01,PF,24,ORL,20,172,5.3,.407,.412,.137,3.7,19.0,11.2,9.1,0.6,2.0,11.5,15.7,,-0.2,0.1,-0.1,-0.025,,-6.3,-0.6,-6.8,-0.2
290,Frank Mason\masonfr01,PG,24,SAC,27,357,12.3,.482,.349,.349,1.1,9.5,5.2,27.7,1.8,0.9,15.7,20.0,,0.0,0.2,0.2,.030,,-2.0,-2.2,-4.3,-0.2
291,Wesley Matthews\matthwe02,SG,32,DAL,29,899,12.4,.563,.533,.261,2.0,6.4,4.3,12.0,1.4,0.5,9.6,19.2,,1.1,0.6,1.6,.088,,1.0,-1.6,-0.6,0.3
292,Luc Mbah a Moute\mbahalu01,PF,32,LAC,4,61,7.1,.495,.333,.278,3.7,8.3,6.1,4.5,0.8,1.2,9.0,15.5,,0.0,0.0,0.0,.007,,-2.6,-2.1,-4.7,0.0
293,CJ McCollum\mccolcj01,SG,27,POR,33,1125,16.5,.542,.315,.165,2.8,8.8,5.9,12.6,1.3,0.9,8.3,26.3,,1.4,0.6,2.0,.085,,1.2,-2.1,-0.8,0.3
294,T.J. McConnell\mccontj01,PG,26,PHI,29,563,12.6,.577,.133,.070,1.8,9.1,5.6,24.1,2.4,1.1,20.5,13.9,,0.4,0.6,1.1,.091,,-1.8,0.0,-1.9,0.0
295,Doug McDermott\mcderdo01,SF,27,IND,35,619,11.6,.637,.593,.198,1.3,7.0,4.2,6.1,0.8,0.6,7.7,14.7,,1.0,0.7,1.7,.128,,0.7,-1.6,-1.0,0.2
296,JaVale McGee\mcgeeja01,C,31,LAL,29,682,21.9,.640,.016,.235,11.6,17.8,14.8,5.2,1.5,8.4,14.9,19.3,,1.2,1.3,2.5,.175,,-0.6,3.9,3.3,0.9
297,Rodney McGruder\mcgruro01,SG,27,MIA,32,963,10.8,.539,.441,.149,3.5,11.8,7.6,12.2,1.3,0.4,11.8,15.6,,0.7,0.9,1.6,.079,,-0.6,-0.1,-0.7,0.3
298,Alfonzo McKinnie\mckinal01,SF,26,GSW,26,392,12.3,.550,.406,.180,10.3,17.7,14.1,3.8,0.6,1.3,7.4,16.3,,0.5,0.3,0.8,.095,,-0.7,-2.7,-3.4,-0.1
299,Ben McLemore\mclembe01,SG,25,SAC,11,80,6.8,.438,.657,.171,1.3,9.2,5.2,4.8,1.2,2.1,2.6,20.0,,-0.1,0.0,0.0,-0.013,,-2.6,-3.2,-5.8,-0.1
300,Jordan McRae\mcraejo01,SG,27,WAS,7,32,1.3,.182,.273,.000,3.4,14.1,8.6,7.9,1.5,2.7,0.0,14.7,,-0.1,0.0,-0.1,-0.163,,-9.9,-0.9,-10.8,-0.1
301,Salah Mejri\mejrisa01,C,32,DAL,11,65,15.6,.671,.154,.462,10.3,28.1,19.3,13.4,0.7,1.3,16.1,12.2,,0.2,0.1,0.2,.181,,-0.4,0.9,0.5,0.0
302,De'Anthony Melton\meltode01,PG,20,PHO,18,341,9.5,.475,.420,.054,2.0,12.6,7.2,21.7,3.3,1.0,20.7,18.5,,-0.4,0.3,-0.1,-0.014,,-3.4,0.3,-3.1,-0.1
303,Chimezie Metu\metuch01,PF,21,SAS,19,105,12.4,.453,.048,.357,8.4,18.6,13.5,14.6,2.3,1.6,17.1,24.6,,-0.1,0.1,0.0,-0.004,,-5.1,0.3,-4.8,-0.1
304,Khris Middleton\middlkh01,SF,27,MIL,31,967,15.0,.548,.505,.239,1.5,17.0,9.7,18.0,1.8,0.3,13.1,24.3,,0.6,1.5,2.2,.108,,0.3,0.3,0.6,0.6
305,C.J. Miles\milescj01,SF,31,TOR,29,427,5.5,.443,.667,.176,1.8,9.5,5.8,5.4,1.1,1.1,9.3,18.4,,-0.5,0.4,-0.1,-0.007,,-3.2,-1.5,-4.7,-0.3
306,Darius Miller\milleda01,SF,28,NOP,31,707,8.3,.568,.791,.113,1.1,5.7,3.4,9.3,1.4,0.9,11.4,12.2,,0.5,0.2,0.7,.049,,0.3,-1.5,-1.2,0.1
307,Patty Mills\millspa02,PG,30,SAS,35,848,12.0,.562,.578,.191,1.3,9.8,5.6,15.4,1.2,0.8,12.0,16.4,,0.8,0.5,1.3,.076,,0.9,-1.3,-0.4,0.3
308,Paul Millsap\millspa01,PF,33,DEN,25,670,19.9,.585,.223,.401,8.3,19.8,14.0,10.9,2.5,3.8,12.4,21.2,,1.2,1.2,2.4,.171,,0.9,2.7,3.6,1.0
309,Shake Milton\miltosh01,SG,22,PHI,8,44,24.8,.662,.556,.111,7.5,7.0,7.3,21.3,3.2,1.8,0.0,18.1,,0.2,0.1,0.3,.298,,7.5,-0.7,6.9,0.1
310,Nikola Mirotic\mirotni01,PF,27,NOP,25,749,18.1,.586,.542,.246,5.7,26.1,16.1,4.9,1.2,1.7,7.7,22.0,,1.3,0.7,2.0,.131,,1.5,-2.0,-0.5,0.3
311,Donovan Mitchell\mitchdo01,SG,22,UTA,31,1004,13.8,.499,.361,.228,1.8,10.1,6.0,18.0,2.5,0.8,11.9,30.7,,-0.9,1.4,0.5,.024,,-1.4,-0.3,-1.6,0.1
312,Naz Mitrou-Long\mitrona01,SG,25,UTA,1,4,-13.6,.000,1.000,.000,0.0,0.0,0.0,0.0,0.0,0.0,0.0,10.8,,0.0,0.0,0.0,-0.242,,-10.9,-2.7,-13.7,0.0
313,Malik Monk\monkma01,SG,20,CHO,30,578,13.0,.521,.544,.196,1.5,8.5,4.9,15.2,1.6,1.2,11.6,25.7,,0.0,0.4,0.4,.030,,-0.1,-2.9,-3.0,-0.1
314,Greg Monroe\monrogr01,C,28,TOR,19,188,17.4,.532,.038,.263,18.5,21.1,19.9,4.8,1.8,0.0,13.6,23.7,,0.2,0.3,0.4,.113,,-1.9,-2.0,-3.9,-0.1
315,E'Twaun Moore\mooreet01,SF,29,NOP,32,952,11.7,.560,.313,.115,2.8,5.6,4.2,10.3,1.2,0.5,8.8,17.6,,1.0,0.2,1.2,.059,,0.3,-2.1,-1.8,0.1
316,Jaylen Morris\morrija01,SG,23,MIL,4,29,12.4,.460,.300,.200,0.0,16.7,8.8,18.4,3.2,0.0,8.4,17.2,,0.0,0.1,0.1,.088,,-3.5,1.0,-2.5,0.0
317,Marcus Morris\morrima03,PF,29,BOS,30,817,17.0,.631,.466,.207,3.3,21.3,12.2,8.7,1.0,0.7,10.9,21.2,,1.5,1.2,2.8,.162,,1.3,-0.6,0.8,0.6
318,Markieff Morris\morrima02,PF,29,WAS,34,883,12.6,.543,.439,.223,5.0,16.9,10.9,9.9,1.3,1.9,11.5,19.7,,0.4,0.4,0.8,.045,,-1.0,-1.1,-2.1,0.0
319,Monte Morris\morrimo01,PG,23,DEN,32,801,16.6,.567,.295,.103,1.5,9.9,5.7,24.0,2.1,0.2,7.3,16.9,,1.7,0.9,2.6,.157,,1.6,-0.8,0.9,0.6
320,Emmanuel Mudiay\mudiaem01,PG,22,NYK,28,728,16.5,.551,.303,.288,2.2,10.2,6.0,22.9,1.5,1.2,13.3,24.3,,0.7,0.2,0.9,.063,,1.1,-2.2,-1.2,0.2
321,Jamal Murray\murraja01,PG,21,DEN,32,1096,13.8,.502,.310,.194,2.6,11.5,7.1,21.5,1.4,1.1,12.2,24.7,,0.3,1.1,1.5,.065,,-0.6,-0.5,-1.1,0.3
322,Dzanan Musa\musadz01,SG,19,BRK,7,26,5.7,.403,.429,.143,4.1,8.5,6.3,6.5,3.8,0.0,16.8,29.5,,-0.1,0.0,-0.1,-0.184,,-7.8,-2.6,-10.3,-0.1
323,Mike Muscala\muscami01,PF,27,PHI,28,651,10.6,.551,.736,.309,5.4,15.2,10.5,8.3,0.7,2.2,11.4,14.8,,0.6,0.6,1.2,.090,,-0.1,-0.3,-0.4,0.3
324,Svi Mykhailiuk\mykhasv01,SF,21,LAL,21,227,6.4,.475,.657,.186,2.4,5.3,3.9,10.0,1.6,0.0,15.6,16.5,,-0.2,0.2,0.0,-0.007,,-3.2,-2.1,-5.3,-0.2
325,Abdel Nader\naderab01,SF,25,OKC,15,53,6.0,.474,.313,.125,1.9,25.6,13.6,5.0,1.8,1.6,26.2,17.5,,-0.1,0.1,0.0,-0.026,,-9.4,0.7,-8.7,-0.1
326,Larry Nance\nancela02,C,26,CLE,33,849,19.0,.589,.155,.311,9.4,23.6,16.2,17.9,2.7,2.3,14.4,15.1,,1.7,0.8,2.6,.145,,1.7,2.7,4.4,1.4
327,Shabazz Napier\napiesh01,PG,27,BRK,25,357,13.9,.519,.429,.347,2.4,9.0,5.7,15.1,2.3,1.5,11.5,23.0,,0.2,0.3,0.5,.070,,-1.0,-1.2,-2.3,0.0
328,Raul Neto\netora01,PG,26,UTA,13,129,16.3,.632,.410,.308,1.7,10.3,6.0,31.8,2.2,0.0,21.3,18.9,,0.2,0.2,0.4,.146,,0.4,-1.2,-0.9,0.0
329,Georges Niang\niangge01,PF,25,UTA,23,156,15.5,.642,.696,.161,2.2,17.0,9.6,12.9,1.2,0.5,9.1,18.3,,0.3,0.2,0.5,.161,,2.1,-1.0,1.0,0.1
330,Joakim Noah\noahjo01,C,33,MEM,9,126,10.8,.518,.000,.486,8.1,20.4,14.2,13.7,1.2,3.8,23.4,20.4,,-0.1,0.2,0.1,.022,,-6.1,2.0,-4.1,-0.1
331,Nerlens Noel\noelne01,C,24,OKC,32,449,20.4,.605,.000,.336,13.2,21.9,17.5,5.2,3.1,9.1,14.5,13.7,,0.8,1.3,2.1,.222,,-1.8,6.9,5.1,0.8
332,Dirk Nowitzki\nowitdi01,PF,40,DAL,6,52,5.3,.434,.421,.211,0.0,14.4,7.4,5.5,0.0,3.2,8.8,18.6,,-0.1,0.0,0.0,-0.026,,-6.6,-1.7,-8.4,-0.1
333,Frank Ntilikina\ntilila01,PG,20,NYK,31,684,6.0,.436,.441,.123,0.7,8.7,4.6,16.6,1.5,1.4,16.5,16.4,,-0.8,0.2,-0.6,-0.044,,-3.8,-1.5,-5.3,-0.6
334,James Nunnally\nunnaja01,SF,28,MIN,11,59,13.3,.593,.619,.190,0.0,7.3,3.6,12.2,0.8,0.0,4.2,17.0,,0.1,0.0,0.1,.111,,1.0,-4.2,-3.2,0.0
335,Jusuf Nurkic\nurkiju01,C,24,POR,34,904,22.2,.541,.062,.417,15.0,25.2,20.2,15.7,1.9,3.9,14.2,23.9,,1.6,1.4,3.0,.158,,1.0,3.1,4.1,1.4
336,David Nwaba\nwabada01,SG,26,CLE,21,345,12.1,.517,.354,.505,3.1,16.0,9.3,6.3,1.9,1.7,6.9,16.6,,0.2,0.2,0.4,.058,,-1.8,-1.1,-2.9,-0.1
337,Royce O'Neale\onealro01,SF,25,UTA,35,572,7.5,.526,.375,.141,2.0,17.0,9.5,11.0,1.6,0.6,18.6,12.6,,-0.2,0.8,0.6,.049,,-3.6,1.6,-1.9,0.0
338,Kyle O'Quinn\oquinky01,C,28,IND,16,106,20.0,.516,.100,.150,12.9,27.4,20.4,26.6,1.4,6.8,15.8,20.9,,0.1,0.3,0.4,.181,,-0.6,5.4,4.8,0.2
339,Semi Ojeleye\ojelese01,PF,24,BOS,24,278,8.0,.508,.583,.179,4.5,12.7,8.6,2.5,0.7,0.3,9.0,15.4,,0.0,0.3,0.3,.053,,-3.2,-2.2,-5.3,-0.2
340,Jahlil Okafor\okafoja01,C,23,NOP,17,131,17.5,.585,.000,.316,13.8,16.4,15.1,2.3,0.4,1.9,9.7,22.5,,0.3,0.1,0.3,.117,,-1.8,-4.4,-6.2,-0.1
341,Elie Okobo\okoboel01,PG,21,PHO,19,380,7.6,.470,.389,.107,1.5,10.1,5.7,17.7,1.9,0.7,16.4,18.9,,-0.4,0.2,-0.2,-0.029,,-3.9,-1.6,-5.5,-0.3
342,Josh Okogie\okogijo01,SG,20,MIN,26,502,9.6,.479,.407,.278,3.8,13.0,8.4,6.9,2.1,1.7,10.8,17.1,,-0.2,0.4,0.2,.023,,-2.7,0.1,-2.6,-0.1
343,Victor Oladipo\oladivi01,SG,26,IND,24,790,19.1,.532,.378,.253,1.7,19.4,10.8,25.7,2.5,1.1,11.5,28.3,,0.6,1.5,2.1,.127,,1.8,1.6,3.4,1.1
344,Kelly Olynyk\olynyke01,PF,27,MIA,32,664,16.1,.601,.644,.411,4.9,17.3,11.0,14.6,1.8,1.6,14.3,19.1,,1.2,0.9,2.1,.149,,1.9,0.5,2.4,0.7
345,Cedi Osman\osmande01,SF,23,CLE,33,1053,9.1,.490,.434,.220,1.9,16.1,8.7,10.0,1.0,0.6,11.9,18.2,,-0.3,0.1,-0.1,-0.006,,-2.0,-1.5,-3.6,-0.4
346,Kelly Oubre\oubreke01,SF,23,TOT,33,874,13.7,.550,.434,.290,3.1,15.3,9.1,4.4,1.6,2.4,8.4,21.0,,0.5,0.5,0.9,.052,,-1.6,-1.9,-3.6,-0.3
346,Kelly Oubre\oubreke01,SF,23,WAS,29,755,13.6,.545,.433,.279,3.4,15.6,9.4,3.9,1.7,2.3,8.1,21.1,,0.4,0.4,0.7,.048,,-1.7,-2.0,-3.6,-0.3
346,Kelly Oubre\oubreke01,SF,23,PHO,4,119,14.4,.590,.442,.372,0.9,13.3,7.0,7.6,1.2,2.8,10.7,20.6,,0.1,0.1,0.2,.077,,-1.4,-1.7,-3.0,0.0
347,Zaza Pachulia\pachuza01,C,34,DET,30,378,16.5,.517,.032,.731,13.8,23.3,18.4,15.7,2.6,1.3,14.6,16.0,,0.6,0.7,1.3,.162,,-0.9,3.4,2.5,0.4
348,Jabari Parker\parkeja01,PF,23,CHI,29,872,12.7,.520,.238,.225,4.2,20.5,12.4,12.9,1.0,1.0,15.2,25.4,,-0.9,0.7,-0.1,-0.007,,-3.3,-0.7,-4.0,-0.4
349,Tony Parker\parketo01,PG,36,CHO,30,576,15.0,.493,.108,.297,1.1,7.7,4.4,32.4,1.3,0.6,11.8,24.8,,0.3,0.3,0.6,.048,,-1.6,-3.3,-4.9,-0.4
350,Chandler Parsons\parsoch01,SF,30,MEM,3,46,7.3,.500,.588,.000,2.5,7.6,5.0,7.0,1.1,2.1,10.5,19.1,,0.0,0.0,0.0,.000,,-3.3,-2.0,-5.3,0.0
351,Patrick Patterson\pattepa01,PF,29,OKC,33,491,7.6,.445,.627,.187,5.0,12.3,8.6,4.6,1.1,1.4,7.1,12.9,,0.0,0.7,0.7,.066,,-3.5,-0.1,-3.5,-0.2
352,Chris Paul\paulch01,PG,33,HOU,26,862,18.4,.544,.455,.291,2.0,12.2,6.9,38.0,3.1,0.8,17.1,22.9,,1.5,0.8,2.3,.129,,2.1,-0.5,1.5,0.8
353,Cameron Payne\payneca01,PG,24,CHI,30,531,10.6,.494,.353,.150,2.0,8.5,5.3,23.5,1.8,1.0,16.0,17.7,,-0.2,0.4,0.2,.018,,-2.8,-1.3,-4.2,-0.3
354,Elfrid Payton\paytoel01,PG,24,NOP,6,152,13.9,.519,.137,.216,4.9,16.2,10.6,28.2,1.5,0.5,17.7,18.3,,0.1,0.1,0.2,.070,,-0.9,-0.6,-1.5,0.0
355,Theo Pinson\pinsoth01,SG,23,BRK,4,16,4.3,.205,.750,.500,0.0,6.9,3.4,30.5,0.0,0.0,0.0,13.1,,0.0,0.0,0.0,-0.048,,-5.7,-5.5,-11.2,0.0
356,Mason Plumlee\plumlma01,C,28,DEN,32,627,17.4,.570,.018,.482,11.5,20.0,15.7,16.2,2.8,4.3,19.4,17.3,,0.6,1.2,1.9,.143,,-0.4,4.6,4.2,1.0
357,Miles Plumlee\plumlmi01,C,30,ATL,16,155,20.5,.675,.000,.636,10.7,14.2,12.4,14.2,1.8,2.2,13.8,17.2,,0.4,0.1,0.5,.163,,1.0,-0.1,0.9,0.1
358,Jakob Poeltl\poeltja01,C,23,SAS,31,475,20.4,.644,.000,.317,15.9,20.3,18.1,9.9,0.6,3.9,13.8,15.4,,1.4,0.5,1.9,.190,,1.8,1.4,3.2,0.6
359,Quincy Pondexter\pondequ01,SF,30,SAS,27,170,15.9,.686,.394,.939,3.2,16.6,9.9,10.7,2.3,0.5,14.6,14.1,,0.4,0.2,0.6,.170,,1.0,-0.1,1.0,0.1
360,Otto Porter\porteot01,SF,25,WAS,25,737,15.5,.579,.399,.134,3.5,17.9,10.6,9.8,2.4,1.7,8.0,15.9,,0.9,0.5,1.4,.094,,0.2,0.5,0.8,0.5
361,Bobby Portis\portibo01,PF,23,CHI,9,220,12.9,.471,.231,.212,6.4,28.9,17.7,8.5,0.9,2.7,10.3,25.5,,-0.3,0.3,0.0,-0.005,,-5.3,-0.8,-6.1,-0.2
362,Dwight Powell\poweldw01,C,27,DAL,29,476,19.5,.654,.305,.571,8.4,18.0,13.3,9.3,1.5,2.8,12.3,19.6,,1.3,0.6,1.9,.195,,1.8,0.5,2.3,0.5
363,Norman Powell\powelno01,SG,25,TOR,15,246,10.3,.608,.508,.200,0.9,12.3,6.8,9.7,1.4,0.3,16.5,14.9,,0.2,0.2,0.4,.080,,-0.9,-0.3,-1.3,0.0
364,Alex Poythress\poythal01,PF,25,ATL,15,201,11.7,.565,.280,.340,10.8,15.9,13.3,7.8,0.7,2.6,12.2,13.3,,0.2,0.1,0.3,.079,,-1.6,-0.6,-2.2,0.0
365,Zhou Qi\qizh01,PF,23,HOU,1,1,82.5,1.000,.000,.000,0.0,0.0,0.0,0.0,0.0,0.0,0.0,43.9,,0.0,0.0,0.0,1.284,,23.4,-13.1,10.3,0.0
366,Ivan Rabb\rabbiv01,PF,21,MEM,12,83,16.5,.633,.087,.304,16.4,29.5,22.9,17.9,0.6,2.3,27.7,20.1,,0.1,0.1,0.2,.124,,-1.9,1.4,-0.5,0.0
367,Chasson Randle\randlch01,PG,25,WAS,5,71,13.6,.596,.579,.737,1.5,3.2,2.3,18.8,2.7,1.2,16.6,18.1,,0.1,0.0,0.1,.083,,-0.4,-3.3,-3.7,0.0
368,Julius Randle\randlju01,C,24,NOP,34,960,21.6,.608,.136,.483,8.4,25.5,17.1,14.7,1.0,1.6,13.7,26.8,,2.1,0.8,3.0,.148,,1.7,-0.3,1.4,0.8
369,J.J. Redick\redicjj01,SG,34,PHI,35,1078,14.6,.581,.540,.233,0.8,6.9,4.0,14.9,0.4,0.6,8.3,23.3,,1.8,0.5,2.3,.104,,2.1,-3.7,-1.6,0.1
370,Davon Reed\reedda01,SG,23,IND,3,6,-2.5,,,,0.0,0.0,0.0,0.0,0.0,0.0,,0.0,,0.0,0.0,0.0,.029,,-6.0,0.8,-5.2,0.0
371,Josh Richardson\richajo01,SG,25,MIA,32,1122,14.5,.534,.433,.222,2.6,9.5,6.0,17.1,1.7,1.3,10.5,23.2,,1.1,1.2,2.3,.097,,1.2,-0.6,0.6,0.7
372,Malachi Richardson\richama01,SG,23,TOR,18,91,-0.2,.475,.840,.120,1.2,12.6,7.1,0.0,0.5,0.0,23.3,16.3,,-0.2,0.1,-0.2,-0.081,,-6.7,-4.1,-10.8,-0.2
373,Austin Rivers\riverau01,SG-PG,26,TOT,30,714,7.1,.495,.545,.250,1.7,9.8,5.6,11.2,1.2,1.2,14.0,15.5,,-0.4,0.1,-0.3,-0.018,,-2.9,-1.7,-4.5,-0.4
373,Austin Rivers\riverau01,SG,26,WAS,29,683,7.1,.490,.546,.237,1.7,9.9,5.7,11.5,1.3,1.3,14.4,15.7,,-0.4,0.1,-0.3,-0.023,,-2.9,-1.6,-4.5,-0.4
373,Austin Rivers\riverau01,PG,26,HOU,1,31,8.2,.644,.500,.667,0.0,7.6,3.7,4.6,0.0,0.0,0.0,11.0,,0.1,0.0,0.1,.095,,-1.1,-4.0,-5.1,0.0
374,Devin Robinson\robinde01,SF,23,WAS,2,18,29.0,.601,.000,.429,12.0,25.0,18.4,8.9,5.3,4.8,0.0,19.7,,0.1,0.0,0.1,.276,,1.9,3.4,5.3,0.0
375,Duncan Robinson\robindu01,PF,24,MIA,4,29,6.6,.500,1.000,.000,0.0,18.1,9.0,0.0,1.7,0.0,0.0,8.7,,0.0,0.0,0.0,.067,,-4.3,-2.7,-7.1,0.0
376,Glenn Robinson\robingl02,SF,25,DET,24,383,7.0,.490,.349,.245,2.1,8.4,5.2,4.1,1.0,1.1,10.0,14.3,,-0.1,0.4,0.3,.034,,-4.1,-0.3,-4.4,-0.2
377,Jerome Robinson\robinje01,SG,21,LAC,8,40,13.1,.639,.500,.000,0.0,7.6,4.0,4.0,0.0,0.0,5.3,20.2,,0.1,0.0,0.1,.085,,1.3,-5.6,-4.3,0.0
378,Mitchell Robinson\robinmi01,C,20,NYK,28,481,16.9,.635,.000,.360,12.4,11.5,12.0,5.3,1.9,9.0,13.4,10.4,,0.9,0.5,1.5,.148,,0.1,4.7,4.8,0.8
379,Rajon Rondo\rondora01,PG,32,LAL,14,341,14.4,.505,.252,.117,3.5,15.1,9.5,36.7,1.9,0.0,20.4,18.0,,0.3,0.4,0.7,.093,,-1.0,-0.2,-1.2,0.1
380,Derrick Rose\rosede01,PG,30,MIN,31,913,19.7,.574,.219,.208,2.3,8.0,5.1,26.5,1.1,0.8,9.8,25.9,,2.0,0.3,2.3,.119,,2.9,-2.5,0.4,0.6
381,Terrence Ross\rosste01,SG,27,ORL,33,857,13.8,.550,.470,.131,1.0,10.9,5.8,9.7,1.7,1.3,8.2,22.7,,0.3,0.7,1.0,.057,,-0.3,-1.6,-1.8,0.0
382,Terry Rozier\roziete01,PG,24,BOS,33,763,12.0,.489,.481,.156,2.1,17.0,9.4,16.0,1.8,1.1,8.8,17.8,,0.3,1.2,1.5,.094,,-1.5,1.0,-0.5,0.3
383,Ricky Rubio\rubiori01,PG,28,UTA,35,1048,12.7,.513,.372,.256,1.3,12.1,6.7,32.3,2.3,0.6,20.2,22.7,,-0.2,1.5,1.2,.057,,-1.2,0.6,-0.6,0.4
384,D'Angelo Russell\russeda01,PG,22,BRK,36,1048,16.5,.504,.403,.109,1.8,12.4,7.0,36.6,2.0,0.7,14.5,29.9,,0.2,0.8,1.0,.047,,1.4,-1.1,0.4,0.6
385,Domantas Sabonis\sabondo01,C,22,IND,33,814,23.7,.667,.020,.413,11.9,30.6,21.5,18.9,1.3,2.1,19.0,23.5,,2.1,1.7,3.8,.226,,2.1,2.9,5.1,1.5
386,Dario Saric\saricda01,PF,24,TOT,33,872,12.7,.560,.488,.211,6.1,18.6,12.4,9.7,0.8,0.5,12.3,18.1,,0.8,0.7,1.5,.083,,-0.1,-1.1,-1.2,0.2
386,Dario Saric\saricda01,PF,24,PHI,13,396,8.3,.496,.530,.227,5.9,16.9,11.6,9.1,0.5,0.6,14.7,18.2,,-0.1,0.3,0.2,.025,,-2.3,-1.3,-3.6,-0.2
386,Dario Saric\saricda01,PF,24,MIN,20,476,16.4,.612,.455,.198,6.2,20.0,13.1,10.3,1.1,0.4,10.4,18.0,,0.9,0.3,1.3,.130,,1.8,-0.9,0.8,0.3
387,Tomas Satoransky\satorto01,SG,27,WAS,35,690,13.1,.612,.309,.316,3.3,8.0,5.6,20.2,1.9,0.7,16.0,12.8,,1.2,0.1,1.3,.092,,-0.3,-1.5,-1.8,0.0
388,Dennis Schroder\schrode01,PG,25,OKC,32,936,13.5,.510,.285,.204,1.6,12.2,6.8,23.2,1.7,0.5,15.4,25.7,,0.0,1.4,1.3,.068,,-2.0,-0.5,-2.5,-0.1
389,Mike Scott\scottmi01,PF,30,LAC,34,524,10.2,.520,.576,.063,3.8,21.3,13.0,8.3,1.3,0.9,10.5,14.7,,0.2,0.5,0.6,.059,,-0.8,-0.2,-1.0,0.1
390,Thabo Sefolosha\sefolth01,SF,34,UTA,21,221,10.6,.639,.488,.244,1.5,24.0,12.8,5.7,3.3,0.4,22.3,11.4,,0.0,0.4,0.4,.091,,-3.1,2.8,-0.3,0.1
391,Wayne Selden\seldewa01,SG,24,MEM,29,439,8.6,.485,.400,.161,3.9,6.9,5.4,12.6,1.2,1.3,12.2,19.9,,-0.3,0.4,0.1,.008,,-3.3,-1.7,-4.9,-0.3
392,Collin Sexton\sextoco01,PG,20,CLE,35,1042,10.8,.494,.137,.174,2.5,9.3,5.7,14.4,0.9,0.2,13.0,25.5,,-0.6,-0.1,-0.7,-0.034,,-2.9,-3.3,-6.2,-1.1
393,Landry Shamet\shamela01,SG,21,PHI,35,718,10.4,.607,.718,.162,1.2,5.9,3.6,6.5,1.0,0.5,6.8,14.6,,0.9,0.4,1.4,.091,,0.9,-2.4,-1.5,0.1
394,Iman Shumpert\shumpim01,SG,28,SAC,27,687,11.5,.572,.622,.144,1.5,10.8,6.0,9.0,2.1,1.1,9.7,14.8,,0.6,0.5,1.1,.075,,0.8,-0.2,0.6,0.5
395,Pascal Siakam\siakapa01,PF,24,TOR,35,1070,18.9,.651,.207,.299,5.0,17.1,11.3,12.8,1.7,1.9,12.8,18.2,,2.6,1.5,4.1,.183,,2.4,2.1,4.4,1.7
396,Ben Simmons\simmobe01,PG,22,PHI,34,1133,21.1,.598,.000,.463,7.0,22.2,14.9,36.7,1.9,1.9,19.8,21.2,,2.4,1.6,4.0,.171,,2.0,2.9,4.9,2.0
397,Jonathon Simmons\simmojo02,SG,29,ORL,30,642,8.4,.474,.290,.271,2.3,9.5,5.8,13.6,1.2,1.7,14.6,19.4,,-0.6,0.4,-0.2,-0.013,,-4.5,-0.8,-5.3,-0.5
398,Anfernee Simons\simonan01,SG,19,POR,5,34,-2.5,.328,.333,.267,0.0,15.2,7.7,4.2,0.0,0.0,15.2,24.7,,-0.2,0.0,-0.2,-0.249,,-11.9,-4.8,-16.8,-0.1
399,Marcus Smart\smartma01,SG,24,BOS,33,850,13.0,.529,.606,.308,3.4,8.5,5.9,21.2,3.5,1.3,16.4,13.6,,0.9,1.5,2.4,.137,,0.2,2.2,2.4,0.9
400,Dennis Smith\smithde03,PG,21,DAL,21,596,11.3,.521,.332,.239,2.4,9.2,5.9,22.3,2.2,1.4,20.8,23.7,,-0.5,0.6,0.1,.005,,-2.3,-0.1,-2.4,-0.1
401,Ish Smith\smithis01,PG,30,DET,22,537,8.9,.483,.371,.059,0.2,8.5,4.2,18.9,0.9,0.9,10.6,18.4,,-0.1,0.5,0.4,.036,,-2.6,-1.1,-3.7,-0.2
402,J.R. Smith\smithjr01,SG,33,CLE,11,222,8.1,.444,.494,.127,0.0,9.3,4.5,13.8,2.5,1.2,11.7,18.7,,-0.2,0.1,-0.1,-0.028,,-3.0,-1.6,-4.6,-0.1
403,Jason Smith\smithja02,C-PF,32,TOT,13,135,11.2,.486,.275,.300,11.2,22.4,16.6,12.1,0.4,3.2,15.0,16.8,,0.1,0.1,0.1,.043,,-3.4,-0.8,-4.2,-0.1
403,Jason Smith\smithja02,C,32,WAS,12,130,12.0,.520,.270,.324,9.2,22.5,15.7,12.6,0.4,3.3,14.2,16.2,,0.1,0.1,0.2,.063,,-2.8,-0.3,-3.1,0.0
403,Jason Smith\smithja02,PF,32,MIL,1,5,-10.6,.000,.333,.000,64.8,19.4,40.9,0.0,0.0,0.0,25.0,33.7,,-0.1,0.0,-0.1,-0.490,,-19.1,-13.5,-32.6,0.0
404,Tony Snell\snellto01,SG,27,MIL,33,587,11.6,.601,.620,.170,2.4,9.2,6.0,5.9,1.0,0.9,6.1,14.0,,0.9,0.7,1.6,.127,,0.2,-0.7,-0.5,0.2
405,Ray Spalding\spaldra01,PF,21,DAL,1,1,0.0,,,,0.0,0.0,0.0,0.0,0.0,0.0,,0.0,,0.0,0.0,0.0,.002,,-6.0,0.4,-5.6,0.0
406,Omari Spellman\spellom01,PF,21,ATL,23,407,13.3,.503,.481,.233,10.7,15.4,13.0,8.0,1.9,2.8,9.5,15.7,,0.3,0.3,0.6,.074,,-0.9,0.2,-0.7,0.1
407,Nik Stauskas\stausni01,SG,25,POR,34,557,11.2,.546,.532,.176,1.9,9.7,5.9,13.5,1.0,0.6,14.4,18.0,,0.3,0.3,0.6,.048,,-0.7,-2.0,-2.7,-0.1
408,D.J. Stephens\stephdj01,SG,28,MEM,1,7,5.8,.500,.000,.000,0.0,0.0,0.0,0.0,7.3,0.0,33.3,19.8,,0.0,0.0,0.0,-0.118,,-9.9,2.7,-7.2,0.0
409,Lance Stephenson\stephla01,SG,28,LAL,33,482,14.7,.548,.405,.112,3.6,17.8,11.0,17.0,2.1,0.5,15.1,23.0,,0.1,0.6,0.8,.076,,-0.9,-0.2,-1.2,0.1
410,Edmond Sumner\sumneed01,PG,23,IND,7,28,-2.6,.317,.429,.286,8.2,3.8,5.9,4.6,1.8,0.0,27.6,17.0,,-0.1,0.0,-0.1,-0.148,,-8.5,-1.0,-9.5,-0.1
411,Caleb Swanigan\swanica01,PF,21,POR,14,122,2.8,.353,.111,.139,9.7,27.1,18.6,6.5,1.6,0.0,26.8,18.2,,-0.4,0.1,-0.3,-0.109,,-9.1,-0.3,-9.4,-0.2
412,Jayson Tatum\tatumja01,SF,20,BOS,33,1033,16.6,.566,.349,.246,3.7,18.5,11.0,8.0,1.6,1.9,9.5,22.8,,1.2,1.7,2.9,.134,,-0.3,0.5,0.1,0.6
413,Jeff Teague\teaguje01,PG,30,MIN,23,724,14.1,.508,.272,.393,1.2,6.7,3.9,36.4,1.5,1.3,17.0,18.5,,0.8,0.3,1.1,.074,,-0.7,-2.4,-3.1,-0.2
414,Garrett Temple\templga01,SG,32,MEM,34,1084,10.8,.596,.531,.231,1.3,10.4,5.8,6.5,1.8,1.4,10.8,14.6,,0.7,1.2,1.9,.086,,-0.5,0.6,0.1,0.6
415,Milos Teodosic\teodomi01,PG,31,LAC,15,150,6.9,.557,.675,.175,2.2,8.8,5.7,28.7,1.0,0.5,32.8,18.2,,-0.1,0.1,-0.1,-0.022,,-2.2,-3.0,-5.2,-0.1
416,Jared Terrell\terreja01,SG,23,MIN,1,21,-3.5,.225,.250,.250,0.0,5.1,2.5,6.0,4.6,4.1,18.4,21.9,,-0.1,0.0,-0.1,-0.260,,-12.9,1.9,-11.0,0.0
417,Daniel Theis\theisda01,C,26,BOS,23,360,16.3,.624,.269,.235,9.9,16.4,13.1,10.0,0.8,2.7,12.1,17.8,,0.8,0.5,1.3,.178,,0.7,0.7,1.3,0.3
418,Khyri Thomas\thomakh01,SG,22,DET,5,27,8.8,.455,.667,.222,7.6,20.6,13.9,15.9,0.0,0.0,16.8,18.5,,0.0,0.0,0.0,.012,,-3.0,-1.4,-4.4,0.0
419,Lance Thomas\thomala01,PF,30,NYK,15,235,6.0,.460,.396,.245,3.0,14.1,8.3,4.6,2.0,1.1,14.6,12.3,,-0.2,0.1,0.0,-0.005,,-4.2,-0.3,-4.5,-0.1
420,Klay Thompson\thompkl01,SG,28,GSW,35,1211,14.5,.530,.394,.134,1.1,11.4,6.4,9.3,1.5,1.7,8.3,26.8,,0.2,1.0,1.1,.044,,-1.0,-2.3,-3.3,-0.4
421,Tristan Thompson\thomptr01,C,27,CLE,27,819,20.3,.566,.000,.262,17.6,25.1,21.2,10.9,1.3,1.1,12.3,17.5,,1.8,0.4,2.3,.133,,1.7,0.3,2.0,0.8
422,Sindarius Thornwell\thornsi01,SG,24,LAC,19,112,2.4,.483,.350,.200,1.0,18.1,10.0,10.2,0.4,1.4,31.5,12.1,,-0.2,0.1,-0.1,-0.049,,-5.8,-0.1,-5.9,-0.1
423,Anthony Tolliver\tollian01,PF,33,MIN,22,301,9.5,.605,.870,.232,2.5,12.8,7.6,6.2,1.1,2.3,13.6,12.3,,0.2,0.2,0.4,.067,,-0.4,-0.3,-0.7,0.1
424,Karl-Anthony Towns\townska01,C,23,MIN,34,1132,21.7,.594,.295,.308,9.5,27.8,18.6,13.0,1.2,4.3,14.8,26.2,,1.9,1.5,3.4,.144,,1.9,1.9,3.8,1.7
425,Gary Trent\trentga02,SG,20,POR,3,20,0.3,.360,.385,.154,0.0,20.7,10.5,0.0,0.0,0.0,6.7,31.6,,-0.1,0.0,-0.1,-0.224,,-12.6,-9.9,-22.6,-0.1
426,Allonzo Trier\trieral01,SG,23,NYK,28,645,13.2,.571,.210,.437,2.5,12.0,7.0,11.9,0.8,1.3,16.0,21.2,,0.4,0.1,0.5,.036,,-1.7,-2.1,-3.9,-0.3
427,P.J. Tucker\tuckepj01,PF,33,HOU,33,1156,9.5,.587,.714,.094,4.8,16.7,10.5,4.1,1.6,0.8,11.7,10.0,,1.0,0.8,1.8,.074,,-0.3,0.3,0.0,0.6
428,Evan Turner\turneev01,PG,30,POR,33,835,11.4,.494,.120,.201,2.8,17.5,10.3,22.9,1.2,1.2,19.1,17.0,,-0.1,0.7,0.6,.036,,-2.6,0.9,-1.8,0.1
429,Myles Turner\turnemy01,C,22,IND,34,957,17.1,.547,.168,.204,6.1,22.5,14.5,9.2,0.7,9.1,12.8,20.7,,0.4,2.1,2.5,.126,,-2.8,4.9,2.2,1.0
430,Ekpe Udoh\udohek01,C,31,UTA,22,126,16.1,.799,.000,.500,4.4,18.4,11.5,9.4,1.1,7.2,19.7,10.4,,0.2,0.2,0.5,.178,,-1.6,4.8,3.3,0.2
431,Tyler Ulis\ulisty01,PG,23,CHI,1,1,0.0,,,,0.0,0.0,0.0,0.0,0.0,0.0,,0.0,,0.0,0.0,0.0,-0.009,,-7.2,0.0,-7.3,0.0
432,Jonas Valanciunas\valanjo01,C,26,TOR,30,564,25.3,.639,.116,.363,10.8,30.0,20.7,8.3,1.1,3.3,11.5,26.0,,1.7,1.0,2.8,.235,,1.3,0.5,1.8,0.5
433,Fred VanVleet\vanvlfr01,PG,24,TOR,31,805,13.8,.529,.487,.151,1.8,8.0,5.0,22.6,1.8,0.7,11.6,18.0,,1.0,0.8,1.8,.107,,0.9,-0.6,0.3,0.5
434,Noah Vonleh\vonleno01,PF,23,NYK,35,937,14.7,.571,.321,.367,7.0,27.1,16.6,11.6,1.2,3.0,14.9,13.6,,1.1,0.8,2.0,.101,,-0.6,1.8,1.2,0.7
435,Nikola Vucevic\vucevni01,C,28,ORL,32,998,25.4,.587,.196,.172,9.0,33.4,20.8,21.3,1.5,2.9,10.9,27.4,,2.1,1.6,3.7,.177,,3.1,2.6,5.8,2.0
436,Dwyane Wade\wadedw01,SG,37,MIA,25,636,14.0,.496,.341,.265,3.9,10.6,7.2,24.8,1.1,1.8,13.7,27.1,,-0.1,0.6,0.5,.041,,-0.6,-1.1,-1.7,0.0
437,Moritz Wagner\wagnemo01,C,21,LAL,10,58,12.4,.506,.464,.214,5.6,19.2,12.6,17.0,0.8,0.0,11.5,24.9,,0.0,0.1,0.1,.056,,-1.3,-2.5,-3.8,0.0
438,Kemba Walker\walkeke02,PG,28,CHO,33,1151,22.0,.561,.464,.296,1.3,12.3,6.7,29.2,1.9,1.1,10.1,30.7,,2.4,1.0,3.4,.141,,5.4,-1.5,3.9,1.7
439,John Wall\walljo01,PG,28,WAS,32,1104,18.5,.527,.306,.317,1.5,10.3,5.8,40.3,2.1,2.3,16.1,29.0,,0.6,0.5,1.1,.046,,1.2,-1.3,-0.1,0.5
440,Tyrone Wallace\wallaty01,PG,24,LAC,24,217,9.4,.463,.080,.239,5.2,10.7,8.1,8.2,1.5,0.7,9.3,21.0,,-0.2,0.1,0.0,-0.009,,-4.0,-2.0,-6.0,-0.2
441,Taurean Waller-Prince\princta02,SF,24,ATL,21,602,11.7,.567,.545,.212,1.0,14.1,7.3,12.3,1.8,1.0,16.2,22.5,,-0.1,0.4,0.2,.018,,-1.2,-1.7,-2.8,-0.1
442,Brad Wanamaker\wanambr01,PG,29,BOS,13,96,12.1,.553,.379,.207,0.0,12.3,6.1,26.3,1.5,0.0,20.2,17.8,,0.0,0.1,0.2,.085,,-2.9,-1.7,-4.6,-0.1
443,T.J. Warren\warretj01,SF,25,PHO,29,897,18.3,.598,.299,.209,3.0,12.4,7.7,7.8,1.6,2.1,6.8,23.5,,1.5,0.5,2.1,.112,,1.4,-1.6,-0.2,0.4
444,Yuta Watanabe\watanyu01,SG,24,MEM,3,16,8.7,.515,.333,.667,0.0,36.5,18.0,0.0,0.0,5.9,20.5,14.1,,0.0,0.0,0.0,.025,,-11.7,-1.9,-13.6,0.0
445,Thomas Welsh\welshth01,C,22,DEN,8,25,16.2,.650,.700,.000,0.0,13.1,6.5,18.3,0.0,0.0,9.1,18.9,,0.1,0.0,0.1,.145,,2.4,-4.2,-1.8,0.0
446,Russell Westbrook\westbru01,PG,30,OKC,25,857,20.4,.481,.252,.299,4.3,28.3,16.1,45.9,3.7,0.6,17.8,30.3,,0.0,2.1,2.1,.117,,1.3,5.1,6.4,1.8
447,Derrick White\whitede01,PG,24,SAS,26,564,9.2,.463,.274,.134,1.4,12.1,6.8,21.5,1.7,1.3,19.4,16.1,,-0.4,0.5,0.1,.010,,-3.1,0.1,-3.0,-0.1
448,Okaro White\whiteok01,PF,26,WAS,3,6,-4.5,.000,1.000,.000,18.0,18.8,18.4,0.0,0.0,0.0,0.0,14.2,,0.0,0.0,0.0,-0.264,,-11.0,-8.4,-19.4,0.0
449,Hassan Whiteside\whiteha01,C,29,MIA,28,746,21.7,.517,.043,.400,15.4,36.1,25.6,5.7,1.2,8.6,11.6,22.9,,0.4,1.8,2.2,.141,,-3.6,3.6,0.0,0.4
450,Andrew Wiggins\wiggian01,SF,23,MIN,30,997,12.0,.496,.319,.237,2.4,10.8,6.6,9.8,1.7,1.3,9.5,23.5,,-0.3,0.6,0.4,.017,,-1.8,-1.0,-2.8,-0.2
451,C.J. Williams\willicj01,SG,28,MIN,6,53,-1.8,.357,.429,.000,0.0,4.0,2.0,7.5,0.9,0.0,17.6,13.5,,-0.1,0.0,-0.1,-0.117,,-7.3,-2.7,-9.9,-0.1
452,Johnathan Williams\willijo04,C,23,LAL,6,85,11.2,.542,.000,.263,14.0,11.9,12.9,6.1,0.6,2.7,8.6,11.4,,0.1,0.1,0.2,.120,,-1.3,0.5,-0.8,0.0
453,Kenrich Williams\willike04,SF,24,NOP,9,49,1.3,.393,.214,.000,4.3,16.7,10.7,0.0,1.0,0.0,12.5,13.4,,-0.1,0.0,-0.1,-0.060,,-8.1,-4.5,-12.6,-0.1
454,Lou Williams\willilo02,SG,32,LAC,30,743,19.9,.550,.252,.400,2.3,7.9,5.2,31.5,1.1,0.3,13.5,31.8,,1.3,0.2,1.5,.095,,2.3,-3.3,-1.0,0.2
455,Marvin Williams\willima02,PF,32,CHO,32,858,12.8,.559,.610,.147,3.1,19.4,11.2,5.3,1.5,2.4,5.5,14.6,,0.8,1.0,1.8,.101,,0.2,0.3,0.5,0.5
456,Robert Williams\williro04,C,21,BOS,16,142,22.3,.741,.000,.357,12.5,20.4,16.4,2.0,1.0,15.8,17.8,11.9,,0.3,0.4,0.7,.235,,-2.2,7.8,5.6,0.3
457,Troy Williams\willitr02,SF,24,SAC,18,286,11.3,.550,.471,.172,3.2,17.0,9.9,4.6,1.6,2.3,7.9,14.7,,0.2,0.3,0.4,.070,,-1.4,-0.3,-1.7,0.0
458,D.J. Wilson\wilsodj01,PF,22,MIL,7,124,13.1,.599,.500,.294,7.0,17.2,12.4,3.2,1.1,2.0,5.0,13.7,,0.2,0.2,0.4,.154,,-0.4,-0.2,-0.6,0.0
459,Justise Winslow\winslju01,PF,22,MIA,28,793,11.7,.507,.355,.213,3.7,14.9,9.2,19.2,1.8,1.0,16.3,19.6,,0.0,1.0,0.9,.056,,-1.5,0.7,-0.8,0.2
460,Christian Wood\woodch01,PF,23,MIL,6,37,23.9,.636,.235,.353,11.7,31.4,22.1,8.4,0.0,0.0,9.2,24.6,,0.1,0.1,0.2,.232,,0.5,-3.0,-2.5,0.0
461,Delon Wright\wrighde01,PG,26,TOR,31,549,13.4,.518,.339,.164,5.1,10.4,7.9,14.7,2.0,1.3,11.6,16.3,,0.5,0.6,1.2,.102,,-0.4,0.9,0.6,0.4
462,Guerschon Yabusele\yabusgu01,PF,23,BOS,16,87,13.8,.481,.379,.414,8.4,11.1,9.7,11.1,2.2,1.0,2.8,17.4,,0.1,0.1,0.3,.148,,-0.6,-0.1,-0.7,0.0
463,Nick Young\youngni01,SG,33,DEN,4,37,2.5,.500,.889,.000,0.0,2.9,1.5,7.0,0.0,2.4,18.2,12.7,,0.0,0.0,0.0,-0.015,,-4.0,-2.4,-6.5,0.0
464,Thaddeus Young\youngth01,PF,30,IND,35,1044,15.5,.544,.137,.202,8.4,13.2,10.9,8.0,2.5,1.5,9.3,18.0,,1.1,1.9,2.9,.134,,-0.2,1.9,1.7,1.0
465,Trae Young\youngtr01,PG,20,ATL,33,963,12.0,.483,.363,.305,2.3,8.2,5.1,38.4,1.2,0.9,19.6,27.8,,-0.9,0.2,-0.7,-0.033,,-2.0,-3.4,-5.4,-0.8
466,Cody Zeller\zelleco01,C,26,CHO,32,782,16.3,.625,.063,.307,9.0,17.5,13.2,11.7,1.4,2.6,13.7,14.8,,1.7,0.8,2.5,.155,,0.8,1.6,2.4,0.9
467,Ante Zizic\zizican01,C,22,CLE,24,259,11.9,.508,.000,.423,11.5,23.5,17.3,7.5,0.4,2.3,18.5,19.3,,-0.1,0.1,0.0,.005,,-4.7,-1.5,-6.2,-0.3
468,Ivica Zubac\zubaciv01,C,21,LAL,14,170,20.2,.681,.000,.151,10.2,22.0,16.3,5.9,0.8,5.5,11.0,15.6,,0.4,0.3,0.7,.202,,-0.6,1.8,1.2,0.1
