Rk,Player,Pos,Age,Tm,G,GS,MP,FG,FGA,FG%,3P,3PA,3P%,2P,2PA,2P%,eFG%,FT,FTA,FT%,ORB,DRB,TRB,AST,STL,BLK,TOV,PF,PS/G
1,Alex Abrines\abrinal01,SG,25,OKC,29,2,19.8,1.9,5.3,.359,1.4,4.3,.323,0.5,1.0,.517,.490,0.4,0.4,.923,0.2,1.4,1.6,0.7,0.6,0.2,0.5,1.8,5.6
2,Jaylen Adams\adamsja01,PG,22,ATL,8,0,3.4,0.3,0.8,.333,0.3,0.6,.400,0.0,0.1,.000,.500,0.0,0.0,,0.0,0.4,0.4,0.5,0.1,0.1,0.1,0.0,0.8
3,Steven Adams\adamsst01,C,25,OKC,32,32,33.6,6.8,11.3,.595,0.0,0.0,,6.8,11.3,.595,.595,2.6,4.7,.550,4.9,5.0,9.9,1.6,1.4,0.8,1.6,2.3,16.1
4,Bam Adebayo\adebaba01,C,21,MIA,33,5,20.8,2.7,5.2,.520,0.0,0.2,.200,2.7,5.1,.530,.523,1.9,2.8,.703,2.1,4.8,7.0,1.9,0.7,0.9,1.3,2.6,7.4
5,DeVaughn Akoon-Purcell\akoonde01,SG,25,DEN,7,0,3.1,0.4,1.4,.300,0.0,0.6,.000,0.4,0.9,.500,.300,0.1,0.3,.500,0.1,0.4,0.6,0.9,0.3,0.0,0.3,0.6,1.0
6,LaMarcus Aldridge\aldrila01,C,33,SAS,35,35,32.1,7.5,15.4,.489,0.1,0.4,.154,7.5,15.1,.497,.491,3.7,4.5,.828,3.0,6.2,9.1,2.1,0.5,1.1,1.8,2.1,18.9
7,Rawle Alkins\alkinra01,SG,21,CHI,2,0,2.0,0.5,2.0,.250,0.5,0.5,1.000,0.0,1.5,.000,.375,0.0,0.0,,1.5,0.0,1.5,1.0,0.5,0.0,0.0,0.0,1.5
8,Grayson Allen\allengr01,SG,23,UTA,17,1,9.7,1.2,3.6,.323,0.6,2.4,.268,0.5,1.2,.429,.411,1.1,1.5,.720,0.1,0.2,0.3,0.4,0.1,0.0,0.6,1.1,4.1
9,Jarrett Allen\allenja01,C,20,BRK,34,34,27.1,4.6,7.7,.594,0.1,0.7,.167,4.4,7.0,.637,.602,2.6,3.6,.727,2.6,5.6,8.2,1.6,0.5,1.4,1.3,2.5,11.8
10,Al-Farouq Aminu\aminual01,PF,28,POR,34,34,30.0,3.1,7.1,.430,1.4,3.9,.353,1.7,3.2,.523,.527,1.6,2.0,.812,1.3,6.6,7.9,0.8,1.0,0.3,0.9,2.1,9.1
11,Justin Anderson\anderju01,SG,25,ATL,15,0,7.8,1.5,3.1,.478,0.3,1.3,.200,1.2,1.7,.692,.522,0.7,0.7,.909,0.4,1.1,1.5,0.6,0.5,0.2,0.3,1.0,3.9
12,Kyle Anderson\anderky01,SF,25,MEM,33,30,29.4,3.2,6.1,.522,0.2,0.7,.261,3.0,5.4,.556,.537,0.8,1.3,.636,1.1,5.0,6.1,2.9,1.3,0.8,1.2,2.6,7.4
13,Ryan Anderson\anderry01,PF,30,PHO,15,8,18.5,1.3,4.0,.317,0.5,2.3,.206,0.8,1.7,.462,.375,0.7,0.9,.786,0.9,2.1,3.0,1.1,0.2,0.1,0.8,1.5,3.7
14,Ike Anigbogu\anigbik01,C,20,IND,3,0,2.0,0.0,1.0,.000,0.0,0.0,,0.0,1.0,.000,.000,0.0,0.0,,0.3,0.7,1.0,0.3,0.0,0.3,0.3,0.0,0.0
15,Giannis Antetokounmpo\antetgi01,PF,24,MIL,31,31,33.9,9.9,16.9,.584,0.3,2.3,.127,9.6,14.6,.656,.593,6.3,9.1,.698,2.5,10.3,12.8,5.9,1.3,1.4,4.3,3.4,26.4
16,Carmelo Anthony\anthoca01,PF,34,HOU,10,2,29.4,4.9,12.1,.405,2.1,6.4,.328,2.8,5.7,.491,.492,1.5,2.2,.682,0.9,4.5,5.4,0.5,0.4,0.7,0.8,3.2,13.4
17,OG Anunoby\anunoog01,SF,21,TOR,30,5,20.8,3.2,7.3,.445,1.2,3.7,.324,2.0,3.6,.570,.528,0.2,0.8,.292,0.8,2.3,3.1,0.6,0.7,0.3,0.7,2.3,7.9
18,Ryan Arcidiacono\arcidry01,PG,24,CHI,34,23,28.4,2.4,5.3,.453,1.4,3.6,.402,1.0,1.7,.559,.588,0.7,0.9,.833,0.3,2.4,2.7,3.9,1.1,0.0,0.9,2.4,7.0
19,Trevor Ariza\arizatr01,SF,33,TOT,31,31,34.8,3.6,9.5,.375,2.0,5.8,.350,1.5,3.7,.414,.481,1.4,1.6,.843,0.6,5.0,5.6,3.4,1.7,0.3,1.6,1.8,10.6
20,D.J. Augustin\augusdj01,PG,31,ORL,33,33,27.9,3.5,7.9,.450,1.6,3.8,.425,1.9,4.0,.474,.554,2.1,2.4,.886,0.5,1.7,2.2,4.8,0.5,0.0,1.4,1.4,10.8
21,Deandre Ayton\aytonde01,C,20,PHO,35,34,31.0,7.2,12.0,.599,0.0,0.1,.000,7.2,12.0,.601,.599,1.9,2.5,.770,2.9,7.9,10.9,2.3,0.6,1.0,1.9,2.9,16.3
22,Dwayne Bacon\bacondw01,SG,23,CHO,17,0,12.4,2.2,4.2,.521,0.6,1.1,.526,1.6,3.1,.519,.592,0.6,0.7,.833,0.1,1.6,1.8,0.8,0.2,0.0,0.5,1.4,5.5
23,Marvin Bagley\baglema01,PF,19,SAC,26,0,23.1,4.8,9.0,.536,0.3,1.0,.346,4.5,8.0,.560,.556,2.7,4.0,.683,2.4,3.7,6.1,0.9,0.4,1.0,1.7,2.0,12.7
24,Ron Baker\bakerro01,SG,25,TOT,13,0,10.5,0.3,1.4,.222,0.1,0.8,.091,0.2,0.5,.429,.250,0.4,0.5,.833,0.1,0.7,0.8,1.1,0.5,0.1,0.3,1.4,1.1
24,Ron Baker\bakerro01,SG,25,NYK,11,0,9.7,0.4,1.5,.250,0.1,0.8,.111,0.3,0.6,.429,.281,0.5,0.5,.833,0.1,0.5,0.6,1.2,0.5,0.0,0.3,1.5,1.3
24,Ron Baker\bakerro01,SG,25,WAS,2,0,15.0,0.0,1.0,.000,0.0,1.0,.000,0.0,0.0,,.000,0.0,0.0,,0.0,1.5,1.5,0.5,0.5,0.5,0.5,1.0,0.0
25,Wade Baldwin\baldwwa01,PG,22,POR,11,0,5.5,0.6,2.0,.318,0.2,0.6,.286,0.5,1.4,.333,.364,0.3,0.5,.600,0.1,0.6,0.7,0.7,0.0,0.2,0.8,0.5,1.7
26,Lonzo Ball\balllo01,PG,21,LAL,34,32,28.9,3.5,8.9,.396,1.4,4.5,.307,2.1,4.4,.487,.474,0.4,0.9,.517,1.1,4.1,5.1,4.7,1.5,0.4,2.1,2.3,8.9
27,Mohamed Bamba\bambamo01,C,20,ORL,32,1,16.9,2.6,5.6,.464,0.6,1.8,.310,2.0,3.8,.537,.514,0.7,1.3,.550,1.3,3.3,4.7,1.1,0.3,1.3,0.8,2.2,6.4
28,J.J. Barea\bareajo01,PG,34,DAL,30,0,20.1,4.6,10.5,.439,1.0,3.2,.320,3.6,7.2,.493,.489,1.5,2.1,.730,0.3,2.2,2.5,5.6,0.6,0.0,1.8,1.2,11.8
29,Harrison Barnes\barneha02,SF,26,DAL,29,29,32.0,6.3,14.8,.426,2.6,6.3,.418,3.7,8.6,.431,.514,3.1,3.9,.796,0.8,3.3,4.1,1.1,0.7,0.3,1.4,1.7,18.3
30,Will Barton\bartowi01,SG,28,DEN,2,2,27.0,6.0,10.5,.571,2.5,4.5,.556,3.5,6.0,.583,.690,2.0,2.0,1.000,0.0,5.0,5.0,3.0,0.5,1.0,1.5,2.5,16.5
31,Keita Bates-Diop\bateske01,SF,23,MIN,2,0,9.0,1.0,4.0,.250,0.0,2.0,.000,1.0,2.0,.500,.250,0.0,0.0,,0.0,1.5,1.5,0.0,0.0,0.5,0.0,0.5,2.0
32,Nicolas Batum\batumni01,SF,30,CHO,33,33,30.6,3.5,7.5,.458,1.3,3.4,.393,2.1,4.2,.511,.546,0.8,0.9,.806,0.9,4.1,5.0,3.4,0.8,0.4,1.6,1.8,9.0
33,Jerryd Bayless\bayleje01,PG,30,MIN,3,0,10.0,1.7,4.7,.357,1.0,2.0,.500,0.7,2.7,.250,.464,0.3,0.3,1.000,0.3,0.3,0.7,2.0,0.3,0.0,1.0,1.3,4.7
34,Aron Baynes\baynear01,C,32,BOS,25,9,14.2,1.9,4.2,.452,0.5,1.5,.324,1.4,2.7,.522,.510,1.2,1.4,.861,1.6,2.7,4.2,1.2,0.2,0.4,0.7,2.2,5.5
35,Kent Bazemore\bazemke01,SG,29,ATL,33,28,27.5,5.0,11.3,.445,1.5,4.7,.329,3.5,6.6,.528,.513,2.4,3.1,.767,0.6,3.3,3.9,2.6,1.7,1.0,2.1,2.6,14.0
36,Bradley Beal\bealbr01,SG,25,WAS,35,35,36.6,8.8,18.5,.474,2.3,6.8,.339,6.5,11.7,.553,.536,3.6,4.6,.783,0.9,3.9,4.8,4.7,1.1,0.9,2.5,3.0,23.5
37,Malik Beasley\beaslma01,SG,22,DEN,32,0,20.0,3.3,7.4,.451,1.4,3.8,.377,1.9,3.6,.530,.549,0.4,0.5,.867,0.4,2.1,2.6,1.1,0.6,0.1,0.5,1.5,8.5
38,Michael Beasley\beaslmi01,PF,30,LAL,10,0,7.1,1.9,3.7,.514,0.1,0.4,.250,1.8,3.3,.545,.527,0.5,0.6,.833,0.3,1.1,1.4,0.3,0.2,0.0,0.7,1.5,4.4
39,Marco Belinelli\belinma01,SG,32,SAS,34,0,21.9,3.5,8.8,.397,1.9,5.0,.373,1.6,3.9,.427,.502,1.1,1.3,.867,0.2,1.9,2.2,1.9,0.5,0.1,0.7,1.5,10.0
40,Jordan Bell\belljo01,C,24,GSW,33,1,12.0,1.1,2.2,.500,0.0,0.0,.000,1.1,2.2,.507,.500,0.4,0.6,.650,0.8,1.9,2.7,1.2,0.4,0.8,0.5,1.5,2.6
41,DeAndre' Bembry\bembrde01,SG,24,ATL,33,2,22.7,3.1,7.3,.417,0.8,2.4,.333,2.3,5.0,.457,.471,1.1,1.8,.600,0.5,3.6,4.1,2.7,1.2,0.6,1.6,2.4,8.0
42,Dragan Bender\bendedr01,PF,21,PHO,11,0,8.0,0.7,2.0,.364,0.2,1.2,.154,0.5,0.8,.667,.409,0.5,0.5,1.000,0.5,0.9,1.4,0.5,0.0,0.0,0.5,0.7,2.1
43,Davis Bertans\bertada01,PF,26,SAS,31,4,18.0,2.6,5.1,.506,1.9,3.7,.500,0.7,1.4,.524,.690,0.7,0.8,.917,0.4,2.6,3.0,1.0,0.4,0.4,0.5,1.4,7.7
44,Patrick Beverley\beverpa01,PG,30,LAC,34,16,24.5,2.2,6.1,.364,1.2,3.5,.339,1.0,2.6,.398,.461,1.2,1.6,.792,0.7,3.1,3.8,3.5,0.7,0.3,1.1,3.5,6.8
45,Khem Birch\birchkh01,C,26,ORL,11,0,8.1,0.9,1.7,.526,0.0,0.0,,0.9,1.7,.526,.526,0.4,0.4,1.000,0.5,1.3,1.8,0.2,0.4,0.2,0.3,1.0,2.2
46,Bismack Biyombo\biyombi01,C,26,CHO,10,0,7.7,0.7,1.2,.583,0.0,0.0,,0.7,1.2,.583,.583,0.4,0.9,.444,0.5,1.3,1.8,0.2,0.1,0.9,0.4,1.7,1.8
47,Nemanja Bjelica\bjeline01,PF,30,SAC,34,33,24.5,4.1,8.1,.509,1.6,3.6,.455,2.5,4.5,.552,.610,1.0,1.3,.773,1.4,4.4,5.9,1.9,0.9,0.9,1.4,2.7,10.9
48,Antonio Blakeney\blakean01,SG,22,CHI,28,0,15.9,3.4,8.0,.420,1.0,2.1,.450,2.4,5.9,.409,.480,1.1,1.6,.682,0.2,1.7,1.9,0.5,0.3,0.2,0.8,0.7,8.8
49,Eric Bledsoe\bledser01,PG,29,MIL,33,33,29.9,6.1,12.1,.501,1.6,4.6,.342,4.5,7.5,.599,.566,2.2,3.0,.735,1.1,3.3,4.4,5.7,1.3,0.5,2.2,2.3,15.9
50,Jaron Blossomgame\blossja01,SF,25,CLE,12,2,17.8,1.8,3.7,.500,0.7,1.8,.381,1.2,1.9,.609,.591,0.3,0.4,.800,1.1,2.8,3.8,0.7,0.3,0.3,0.4,0.8,4.7
51,Bogdan Bogdanovic\bogdabo01,SG,26,SAC,22,4,26.9,5.3,12.4,.430,2.0,5.5,.361,3.3,6.8,.487,.511,2.4,3.0,.800,0.5,2.8,3.3,3.9,0.7,0.1,1.3,2.1,15.0
52,Bojan Bogdanovic\bogdabo02,SF,29,IND,35,35,31.7,5.7,11.2,.508,2.1,4.5,.468,3.6,6.7,.534,.602,2.9,3.5,.828,0.5,3.4,3.9,1.5,0.9,0.0,1.8,1.7,16.4
53,Jonah Bolden\boldejo01,PF,23,PHI,10,0,7.9,0.6,1.7,.353,0.1,1.0,.100,0.5,0.7,.714,.382,0.3,0.6,.500,0.3,1.8,2.1,0.3,0.3,0.7,0.6,1.1,1.6
54,Isaac Bonga\bongais01,PG,19,LAL,5,0,3.4,0.4,1.4,.286,0.0,0.2,.000,0.4,1.2,.333,.286,0.4,0.6,.667,0.4,0.4,0.8,0.6,0.6,0.0,0.4,0.6,1.2
55,Devin Booker\bookede01,SG,22,PHO,25,25,36.2,9.0,20.2,.448,2.4,7.6,.323,6.6,12.6,.524,.509,4.7,5.6,.849,0.6,3.4,4.0,7.0,1.1,0.2,4.0,3.4,25.2
56,Chris Boucher\bouchch01,PF,26,TOR,7,0,4.4,0.9,2.1,.400,0.3,1.1,.250,0.6,1.0,.571,.467,0.9,1.1,.750,0.6,1.1,1.7,0.0,0.1,1.1,0.3,0.9,2.9
57,Avery Bradley\bradlav01,SG,28,LAC,28,28,29.4,3.2,8.1,.390,0.9,3.1,.299,2.3,5.0,.447,.447,0.4,0.5,.800,0.6,1.8,2.4,1.9,0.6,0.4,1.4,2.9,7.7
58,Mikal Bridges\bridgmi01,SF,22,PHO,35,21,25.4,2.7,6.5,.415,1.2,3.5,.333,1.5,3.0,.509,.504,0.9,1.1,.842,0.6,2.1,2.7,1.4,1.4,0.4,0.7,2.2,7.5
59,Miles Bridges\bridgmi02,SF,20,CHO,32,0,20.2,2.8,6.0,.466,0.9,2.6,.354,1.9,3.4,.550,.542,0.8,1.1,.750,0.6,3.3,3.8,1.0,0.6,0.8,0.7,1.4,7.3
60,Isaiah Briscoe\briscis01,PG,22,ORL,12,0,6.7,0.8,2.1,.360,0.1,0.2,.500,0.7,1.9,.348,.380,0.2,0.4,.400,0.0,0.5,0.5,0.8,0.0,0.0,0.3,0.7,1.8
61,Ryan Broekhoff\broekry01,SG,28,DAL,15,0,4.9,0.5,1.5,.364,0.3,1.2,.278,0.2,0.3,.750,.477,0.1,0.1,1.000,0.1,0.7,0.9,0.2,0.1,0.1,0.1,0.3,1.5
62,Malcolm Brogdon\brogdma01,SG,26,MIL,30,30,29.6,5.9,11.6,.506,1.7,4.0,.437,4.1,7.6,.541,.580,1.7,1.8,.981,1.1,3.7,4.7,3.4,0.6,0.2,1.7,1.6,15.2
63,Dillon Brooks\brookdi01,SF,23,MEM,13,0,18.1,2.2,5.7,.392,0.5,1.7,.318,1.7,4.0,.423,.439,1.1,1.5,.700,0.5,1.5,1.9,0.9,0.6,0.3,0.9,2.5,6.1
64,MarShon Brooks\brookma01,SG,30,MEM,28,0,13.7,2.7,6.0,.452,0.5,1.9,.278,2.2,4.1,.535,.497,0.8,1.2,.697,0.4,1.2,1.6,0.9,0.3,0.1,0.7,1.2,6.8
65,Bruce Brown\brownbr01,SG,22,DET,25,8,17.8,1.8,4.2,.429,0.4,1.3,.273,1.4,2.9,.500,.471,0.6,0.9,.652,0.6,1.9,2.5,1.0,0.5,0.6,0.6,2.4,4.6
66,Jaylen Brown\brownja02,SG,22,BOS,28,20,26.6,4.4,10.6,.409,1.0,3.8,.271,3.3,6.8,.487,.458,1.6,2.5,.648,1.1,2.9,4.0,1.5,0.9,0.6,1.4,2.6,11.4
67,Lorenzo Brown\brownlo01,PG,28,TOR,22,0,9.0,1.0,3.0,.338,0.3,1.2,.222,0.7,1.7,.421,.385,0.1,0.1,1.000,0.2,1.1,1.3,1.2,0.5,0.2,0.7,1.0,2.4
68,Sterling Brown\brownst02,SG,23,MIL,24,0,14.2,2.0,4.3,.461,0.7,2.0,.354,1.3,2.3,.556,.544,0.3,0.4,.800,0.5,2.4,2.9,1.0,0.3,0.1,0.5,1.3,5.0
69,Troy Brown\browntr01,SF,19,WAS,16,0,6.4,0.8,2.3,.324,0.1,0.4,.286,0.6,1.9,.333,.351,0.4,0.6,.700,0.2,1.1,1.3,0.9,0.4,0.0,0.3,0.5,2.1
70,Jalen Brunson\brunsja01,PG,22,DAL,29,9,17.0,2.6,5.6,.454,0.5,1.8,.275,2.1,3.9,.536,.497,0.8,1.2,.611,0.3,1.2,1.6,1.8,0.6,0.0,0.8,1.4,6.3
71,Thomas Bryant\bryanth01,C,21,WAS,25,19,15.5,3.0,4.5,.664,0.2,0.9,.273,2.8,3.6,.758,.690,1.2,1.4,.829,1.1,3.3,4.4,0.8,0.3,0.6,0.6,1.2,7.4
72,Reggie Bullock\bullore01,SG,27,DET,24,24,30.1,4.0,9.4,.420,2.3,5.8,.393,1.7,3.6,.465,.542,1.4,1.5,.892,0.3,2.0,2.3,2.3,0.6,0.1,1.1,1.7,11.6
73,Trey Burke\burketr01,PG,26,NYK,24,5,20.2,4.1,10.3,.399,1.0,2.7,.354,3.2,7.6,.415,.446,1.7,2.1,.804,0.6,1.7,2.3,3.0,0.7,0.1,1.0,0.9,10.9
74,Alec Burks\burksal01,SG,27,TOT,32,7,21.5,3.2,8.5,.371,1.1,3.1,.347,2.1,5.4,.385,.434,2.0,2.5,.800,0.3,3.0,3.3,1.8,0.6,0.4,1.1,1.3,9.4
74,Alec Burks\burksal01,SG,27,UTA,17,0,15.8,2.8,6.7,.412,0.9,2.5,.372,1.8,4.2,.437,.482,1.9,2.2,.868,0.1,1.5,1.6,1.2,0.4,0.2,0.9,1.3,8.4
74,Alec Burks\burksal01,SG,27,CLE,15,7,28.0,3.6,10.5,.342,1.2,3.7,.327,2.4,6.9,.350,.399,2.1,2.8,.738,0.6,4.7,5.3,2.6,0.8,0.5,1.3,1.3,10.5
75,Deonte Burton\burtode02,SG,25,OKC,15,0,8.7,1.3,3.1,.435,0.3,0.9,.308,1.1,2.2,.485,.478,0.3,0.4,.833,0.1,1.0,1.1,0.3,0.2,0.3,0.5,1.1,3.3
76,Jimmy Butler\butleji01,SG,29,TOT,28,28,33.4,7.0,14.7,.474,1.5,3.8,.390,5.5,10.9,.503,.524,4.3,5.1,.839,1.7,3.3,5.0,3.6,2.1,0.7,1.5,1.8,19.7
77,Jose Calderon\caldejo01,PG,37,DET,26,0,13.4,1.0,3.0,.325,0.2,1.4,.162,0.7,1.5,.475,.364,0.2,0.3,.714,0.3,1.0,1.3,2.5,0.5,0.1,0.7,1.4,2.3
78,Kentavious Caldwell-Pope\caldwke01,SG,25,LAL,34,3,22.1,2.9,7.0,.420,1.4,4.1,.353,1.5,2.9,.515,.523,1.7,1.9,.905,0.4,2.0,2.4,0.9,0.8,0.1,0.5,1.5,9.0
79,Isaiah Canaan\canaais01,PG,27,PHO,19,15,26.5,2.7,6.8,.395,1.3,3.8,.347,1.4,3.0,.456,.492,0.8,1.1,.750,0.3,2.3,2.6,3.3,0.6,0.0,1.5,2.4,7.5
80,Clint Capela\capelca01,C,24,HOU,33,33,33.6,7.5,11.8,.635,0.0,0.0,,7.5,11.8,.635,.635,2.1,3.7,.570,4.9,7.5,12.5,1.5,0.6,2.0,1.7,2.9,17.1
81,DeMarre Carroll\carrode01,SF,32,BRK,25,0,22.8,2.7,7.6,.354,1.3,4.2,.311,1.4,3.3,.410,.442,2.2,2.8,.789,1.0,3.8,4.8,0.8,0.4,0.1,1.1,1.5,8.9
82,Jevon Carter\carteje01,PG,23,MEM,4,0,15.8,1.8,4.8,.368,0.5,2.3,.222,1.3,2.5,.500,.421,0.0,0.0,,0.0,1.3,1.3,0.8,0.8,0.3,1.0,2.5,4.0
83,Vince Carter\cartevi01,SF,42,ATL,30,8,17.8,2.6,6.3,.411,1.5,4.0,.364,1.1,2.3,.493,.526,0.6,0.7,.773,0.4,2.3,2.7,1.1,0.6,0.4,0.6,1.7,7.2
84,Wendell Carter\cartewe01,C,19,CHI,35,35,24.6,4.1,8.6,.477,0.1,0.7,.192,3.9,7.8,.504,.485,2.0,2.6,.772,1.9,4.8,6.7,1.9,0.5,1.5,1.5,3.6,10.3
85,Michael Carter-Williams\cartemi01,PG,27,HOU,16,1,9.1,1.6,3.8,.410,0.4,1.2,.368,1.1,2.6,.429,.467,0.8,1.6,.462,0.2,0.6,0.8,1.3,0.6,0.4,0.6,1.7,4.3
86,Omri Casspi\casspom01,SF,30,MEM,24,0,12.3,2.0,3.6,.563,0.4,1.0,.360,1.7,2.6,.645,.615,1.0,1.6,.605,0.3,2.7,3.0,0.9,0.4,0.2,0.5,0.9,5.4
87,Willie Cauley-Stein\caulewi01,C,25,SAC,34,34,28.4,6.0,11.1,.543,0.0,0.0,1.000,6.0,11.0,.541,.544,1.8,3.5,.525,2.3,6.2,8.5,2.4,1.2,0.6,1.3,3.1,13.9
88,Tyson Chandler\chandty01,C,36,TOT,30,2,18.4,1.2,2.0,.574,0.0,0.0,,1.2,2.0,.574,.574,1.0,1.6,.638,1.9,4.6,6.6,0.7,0.6,0.4,0.8,2.5,3.3
88,Tyson Chandler\chandty01,C,36,PHO,7,0,12.7,1.1,1.7,.667,0.0,0.0,,1.1,1.7,.667,.667,1.4,2.6,.556,1.0,4.6,5.6,0.9,0.3,0.1,1.0,3.0,3.7
88,Tyson Chandler\chandty01,C,36,LAL,23,2,20.2,1.2,2.1,.551,0.0,0.0,,1.2,2.1,.551,.551,0.9,1.3,.690,2.2,4.7,6.9,0.7,0.7,0.5,0.8,2.4,3.2
89,Wilson Chandler\chandwi01,PF,31,PHI,22,18,26.2,2.6,5.7,.452,1.2,3.0,.403,1.4,2.7,.508,.560,0.3,0.5,.636,1.4,3.5,5.0,2.0,0.3,0.5,1.2,2.7,6.7
90,Marquese Chriss\chrisma01,PF,21,HOU,10,0,5.7,0.8,2.2,.364,0.1,1.0,.100,0.7,1.2,.583,.386,0.2,0.3,.667,0.3,0.8,1.1,0.3,0.1,0.2,0.5,0.9,1.9
91,Gary Clark\clarkga01,PF,24,HOU,24,0,16.0,1.1,3.5,.306,0.9,3.3,.282,0.2,0.3,.571,.435,0.3,0.3,1.000,0.6,2.3,2.8,0.5,0.4,0.7,0.1,1.1,3.3
92,Ian Clark\clarkia01,SG,27,NOP,25,0,14.1,1.5,4.2,.352,0.6,2.0,.286,0.9,2.2,.411,.419,0.4,0.4,.900,0.2,1.4,1.5,1.3,0.2,0.1,0.8,1.4,3.9
93,Jordan Clarkson\clarkjo01,SG,26,CLE,34,0,26.4,6.8,15.0,.451,1.7,5.2,.335,5.0,9.8,.512,.509,1.9,2.2,.851,1.1,2.4,3.5,2.2,0.6,0.1,1.7,1.6,17.1
94,John Collins\collijo01,PF,21,ATL,17,15,28.9,7.8,13.3,.584,0.6,2.3,.256,7.2,11.0,.652,.606,2.5,3.6,.694,3.5,6.5,10.0,2.4,0.1,0.6,2.5,3.0,18.6
95,Zach Collins\colliza01,C,21,POR,34,0,19.2,2.8,5.6,.503,0.6,1.7,.322,2.2,3.8,.585,.553,1.4,1.6,.857,1.4,2.9,4.3,0.9,0.3,0.9,1.2,2.7,7.6
96,Darren Collison\collida01,PG,31,IND,35,35,27.9,3.3,7.7,.433,0.9,2.5,.356,2.4,5.2,.470,.491,1.4,1.9,.754,0.5,2.4,2.9,5.5,1.4,0.2,1.5,1.9,8.9
97,Mike Conley\conlemi01,PG,31,MEM,33,33,34.1,6.8,16.3,.420,2.3,6.3,.359,4.6,10.0,.459,.490,4.4,5.2,.842,0.5,2.8,3.4,6.5,1.2,0.5,1.8,1.7,20.3
98,Pat Connaughton\connapa01,SG,26,MIL,24,1,19.0,2.3,5.6,.407,1.0,3.5,.286,1.3,2.1,.608,.496,0.6,0.8,.700,1.0,3.0,3.9,2.0,0.5,0.6,0.4,1.2,6.2
99,Quinn Cook\cookqu01,PG,25,GSW,30,8,16.3,3.1,6.7,.468,1.2,2.9,.430,1.9,3.8,.496,.560,0.4,0.6,.765,0.3,2.1,2.3,1.8,0.4,0.1,0.8,1.5,7.9
100,Robert Covington\covinro01,SF,28,TOT,32,32,33.9,4.3,10.0,.425,2.3,6.2,.377,1.9,3.8,.504,.542,1.8,2.4,.763,0.7,4.9,5.6,1.2,2.1,1.3,1.3,3.5,12.7
101,Allen Crabbe\crabbal01,SG,26,BRK,28,15,26.1,3.0,8.9,.343,2.3,6.0,.387,0.7,2.9,.250,.474,1.1,1.4,.789,0.5,3.0,3.5,1.1,0.6,0.3,1.1,2.4,9.5
102,Torrey Craig\craigto01,SF,28,DEN,27,21,20.0,2.0,4.9,.409,0.6,2.3,.270,1.4,2.6,.536,.473,0.4,0.7,.600,1.4,2.2,3.6,0.8,0.4,0.5,0.7,2.3,5.1
103,Jamal Crawford\crawfja01,SG,38,PHO,30,0,17.6,2.3,6.5,.352,0.8,2.8,.282,1.5,3.7,.405,.413,1.4,1.7,.840,0.2,1.0,1.2,3.3,0.4,0.2,1.5,1.3,6.8
104,Jae Crowder\crowdja01,SF,28,UTA,35,6,27.5,4.0,9.7,.416,2.1,6.2,.338,1.9,3.5,.553,.524,2.0,2.8,.732,0.7,4.1,4.8,1.6,0.7,0.4,1.0,2.0,12.2
105,Dante Cunningham\cunnida01,PF,31,SAS,32,21,20.7,1.6,3.4,.477,0.8,1.5,.510,0.8,1.9,.450,.592,0.3,0.4,.833,1.2,3.3,4.5,1.1,0.6,0.4,0.5,1.8,4.3
106,Seth Curry\curryse01,SG,28,POR,28,1,16.7,1.8,4.4,.410,1.2,2.4,.493,0.6,2.0,.309,.545,0.2,0.2,1.000,0.3,1.0,1.3,0.9,0.3,0.1,0.7,1.3,4.9
107,Stephen Curry\curryst01,PG,30,GSW,24,24,34.3,9.5,19.5,.487,5.0,10.9,.458,4.5,8.6,.524,.615,4.6,4.9,.941,0.6,4.4,5.0,5.2,1.3,0.3,2.9,2.7,28.6
108,Troy Daniels\danietr01,SG,27,PHO,15,0,15.0,2.3,5.3,.425,1.6,4.0,.400,0.7,1.3,.500,.575,0.5,0.5,.875,0.3,1.1,1.3,0.5,0.7,0.1,0.8,1.5,6.6
109,Anthony Davis\davisan02,C,25,NOP,31,31,36.9,10.2,20.3,.502,1.0,3.0,.319,9.2,17.2,.534,.525,6.8,8.5,.806,3.2,9.7,12.9,4.6,1.7,2.7,2.2,2.6,28.1
110,Ed Davis\davised01,C,29,BRK,36,1,17.8,2.4,3.9,.610,0.0,0.1,.000,2.4,3.9,.619,.610,0.9,1.6,.552,3.1,5.1,8.2,0.7,0.5,0.4,0.8,2.8,5.7
111,Tyler Davis\davisty01,C,21,OKC,1,0,1.0,0.0,1.0,.000,0.0,0.0,,0.0,1.0,.000,.000,0.0,0.0,,1.0,0.0,1.0,0.0,0.0,0.0,0.0,0.0,0.0
112,Dewayne Dedmon\dedmode01,C,29,ATL,27,16,24.0,3.4,7.3,.470,0.9,2.6,.333,2.6,4.8,.543,.528,1.4,1.7,.844,1.4,6.0,7.4,1.3,1.1,1.0,1.3,3.3,9.1
113,Sam Dekker\dekkesa01,PF-SF,24,TOT,17,5,16.9,2.9,5.6,.526,0.4,1.2,.286,2.6,4.4,.595,.558,0.5,0.7,.750,0.9,2.3,3.2,0.9,1.2,0.1,0.6,1.1,6.8
114,Matthew Dellavedova\dellama01,PG,28,TOT,20,0,12.7,1.8,3.8,.467,0.9,2.0,.425,0.9,1.8,.514,.580,0.6,0.7,.923,0.0,1.3,1.3,3.1,0.3,0.0,1.2,1.2,5.0
115,Luol Deng\denglu01,SF,33,MIN,4,0,8.0,1.3,3.3,.385,0.0,1.3,.000,1.3,2.0,.625,.385,0.5,0.8,.667,1.5,1.5,3.0,0.3,0.8,0.3,0.5,0.8,3.0
116,DeMar DeRozan\derozde01,SG,29,SAS,35,35,35.0,8.9,18.4,.481,0.2,1.1,.179,8.7,17.3,.500,.486,5.4,6.4,.840,0.7,4.9,5.7,6.2,0.9,0.5,2.4,2.2,23.3
117,Marcus Derrickson\derrima01,SF,22,GSW,4,0,4.8,0.5,1.5,.333,0.3,0.8,.333,0.3,0.8,.333,.417,0.0,0.0,,0.0,0.5,0.5,0.0,0.0,0.0,0.5,1.3,1.3
118,Cheick Diallo\diallch01,PF,22,NOP,25,0,9.8,1.5,2.6,.569,0.0,0.0,.000,1.5,2.6,.578,.569,0.6,0.8,.800,0.9,2.7,3.6,0.4,0.4,0.5,0.7,1.4,3.6
119,Hamidou Diallo\diallha01,SG,20,OKC,27,2,12.7,2.2,4.4,.504,0.1,0.7,.222,2.1,3.7,.554,.521,1.0,1.6,.643,1.0,1.5,2.5,0.4,0.6,0.3,0.6,1.9,5.6
120,Gorgui Dieng\dienggo01,C,29,MIN,34,0,13.9,2.3,4.7,.491,0.2,0.7,.250,2.1,4.0,.533,.509,1.1,1.3,.864,0.9,3.2,4.1,0.8,0.5,0.6,0.8,1.9,5.9
121,Spencer Dinwiddie\dinwisp01,PG,25,BRK,36,3,29.2,6.0,12.7,.471,2.1,5.7,.373,3.9,7.0,.552,.555,4.1,5.2,.786,0.5,2.0,2.5,5.3,0.6,0.3,2.2,2.8,18.1
122,Donte DiVincenzo\divindo01,SG,22,MIL,22,0,16.1,1.9,4.9,.393,0.8,3.1,.246,1.1,1.7,.658,.472,0.4,0.5,.818,0.6,2.0,2.5,1.2,0.5,0.2,0.8,1.5,5.0
123,Luka Doncic\doncilu01,PF,19,DAL,32,32,32.4,6.3,14.6,.429,2.1,6.0,.354,4.1,8.6,.482,.502,4.4,5.7,.770,1.1,5.6,6.7,5.1,1.1,0.3,3.3,2.0,19.0
124,Tyler Dorsey\dorsety01,SG,22,ATL,16,0,10.8,1.4,4.0,.359,0.3,1.5,.208,1.1,2.5,.450,.398,0.8,1.3,.571,0.4,1.6,1.9,0.9,0.3,0.0,0.5,0.8,3.9
125,Damyean Dotson\dotsoda01,SG,24,NYK,26,9,25.6,4.2,9.1,.464,1.4,3.9,.363,2.8,5.2,.541,.542,0.6,0.9,.696,0.8,3.1,3.9,1.0,0.8,0.2,0.8,1.8,10.5
126,PJ Dozier\doziepj01,PG,22,BOS,2,0,4.0,1.5,3.0,.500,0.5,1.0,.500,1.0,2.0,.500,.583,0.0,0.0,,1.0,1.0,2.0,0.0,0.0,0.0,0.0,0.5,3.5
127,Goran Dragic\dragigo01,PG,32,MIA,14,14,29.1,5.5,13.4,.410,1.6,5.0,.314,3.9,8.4,.466,.468,2.7,3.6,.760,0.6,2.5,3.1,4.9,0.7,0.3,2.5,2.1,15.3
128,Andre Drummond\drumman01,C,25,DET,32,32,33.4,7.3,14.6,.503,0.1,0.7,.174,7.2,13.9,.520,.507,2.8,5.5,.520,5.6,9.8,15.4,1.3,1.5,1.9,2.5,3.5,17.7
129,Jared Dudley\dudleja01,PF,33,BRK,36,20,21.8,1.9,4.4,.428,0.9,2.8,.340,0.9,1.6,.576,.535,0.6,0.9,.667,0.7,2.1,2.8,1.6,0.6,0.3,0.8,2.6,5.3
130,Kris Dunn\dunnkr01,PG,24,CHI,9,7,29.7,5.8,11.9,.486,0.3,1.4,.231,5.4,10.4,.521,.500,1.6,2.1,.737,0.1,5.2,5.3,5.8,1.2,0.1,2.6,4.6,13.4
131,Kevin Durant\duranke01,PF,30,GSW,35,35,35.8,9.8,19.5,.505,1.8,5.0,.366,8.0,14.5,.553,.552,7.3,7.9,.928,0.5,7.3,7.8,6.1,0.9,1.0,3.4,2.0,28.8
132,Vince Edwards\edwarvi01,SF,22,HOU,1,0,4.0,1.0,2.0,.500,1.0,2.0,.500,0.0,0.0,,.750,0.0,0.0,,1.0,0.0,1.0,0.0,0.0,0.0,0.0,0.0,3.0
133,Henry Ellenson\ellenhe01,PF,22,DET,2,0,12.5,2.0,5.0,.400,1.0,2.0,.500,1.0,3.0,.333,.500,1.0,1.0,1.000,0.0,4.5,4.5,0.5,0.0,0.0,0.0,1.0,6.0
134,Wayne Ellington\ellinwa01,SG,31,MIA,20,10,22.7,2.7,7.6,.358,2.3,6.3,.365,0.4,1.3,.320,.510,0.6,0.7,.846,0.3,1.8,2.1,1.4,1.1,0.2,0.7,1.7,8.3
135,Joel Embiid\embiijo01,C,24,PHI,34,34,33.9,8.8,18.3,.483,1.1,3.9,.282,7.7,14.4,.537,.513,7.9,9.8,.802,2.3,10.9,13.2,3.5,0.5,1.8,3.4,3.3,26.6
136,James Ennis\ennisja01,SF,28,HOU,23,22,25.2,2.9,6.0,.489,1.3,3.5,.363,1.7,2.5,.667,.595,1.0,1.3,.710,1.0,1.8,2.7,0.6,0.9,0.4,0.6,3.3,8.0
137,Drew Eubanks\eubandr01,PF,21,SAS,7,0,4.9,1.3,1.6,.818,0.0,0.0,,1.3,1.6,.818,.818,0.6,0.9,.667,0.1,1.0,1.1,0.1,0.1,0.0,0.3,0.1,3.1
138,Jacob Evans\evansja02,SG,21,GSW,19,0,4.5,0.2,1.1,.200,0.1,0.3,.200,0.2,0.8,.200,.225,0.0,0.1,.000,0.1,0.3,0.4,0.6,0.1,0.1,0.2,0.6,0.5
139,Jawun Evans\evansja01,PG,22,PHO,4,0,11.5,0.5,2.5,.200,0.0,0.5,.000,0.5,2.0,.250,.200,0.0,0.0,,0.3,2.3,2.5,2.0,0.5,0.0,1.0,1.5,1.0
140,Tyreke Evans\evansty01,SG,29,IND,31,11,21.3,3.7,9.8,.375,1.3,3.5,.373,2.4,6.3,.376,.442,1.8,2.3,.778,0.6,2.3,2.9,2.5,1.2,0.3,2.0,1.9,10.5
141,Dante Exum\exumda01,PG,23,UTA,34,0,16.0,2.4,5.6,.423,0.4,1.5,.280,1.9,4.1,.475,.460,1.7,2.2,.763,0.3,1.3,1.6,2.3,0.4,0.1,1.2,1.6,6.8
142,Kenneth Faried\farieke01,PF,29,BRK,9,0,5.6,1.2,1.6,.786,0.0,0.0,,1.2,1.6,.786,.786,0.3,0.8,.429,0.8,1.1,1.9,0.1,0.1,0.1,0.4,0.3,2.8
143,Derrick Favors\favorde01,C,27,UTA,34,29,23.1,4.5,7.4,.601,0.3,0.9,.290,4.2,6.5,.644,.619,1.9,3.0,.627,2.9,4.1,7.0,1.0,0.8,1.2,1.2,2.3,11.1
144,Cristiano Felicio\feliccr01,C,26,CHI,23,0,11.1,1.3,2.3,.558,0.0,0.0,.000,1.3,2.2,.569,.558,0.6,0.8,.737,1.0,2.4,3.3,0.6,0.1,0.1,0.6,1.0,3.1
145,Raymond Felton\feltora01,PG,34,OKC,13,0,11.0,1.9,5.5,.352,0.4,2.2,.179,1.5,3.3,.465,.387,0.6,0.7,.889,0.2,1.3,1.5,1.8,0.5,0.3,0.8,0.8,4.8
146,Terrance Ferguson\fergute01,SG,20,OKC,27,27,21.0,1.7,4.4,.381,0.8,2.6,.310,0.9,1.7,.489,.475,0.4,0.5,.714,0.6,1.1,1.7,0.7,0.5,0.2,0.6,2.7,4.5
147,Yogi Ferrell\ferreyo01,SG,25,SAC,24,2,13.1,1.9,4.8,.404,0.6,2.0,.319,1.3,2.8,.463,.469,1.0,1.0,.920,0.1,1.4,1.5,1.7,0.3,0.1,0.5,0.7,5.4
148,Dorian Finney-Smith\finnedo01,SF,25,DAL,33,11,25.5,2.9,6.3,.459,1.2,3.2,.362,1.7,3.1,.559,.551,1.1,1.6,.667,1.6,2.6,4.2,0.7,1.0,0.5,0.8,2.7,8.0
149,Bryn Forbes\forbebr01,PG,25,SAS,35,35,26.9,4.6,9.9,.465,2.0,4.8,.420,2.6,5.1,.508,.568,0.9,1.1,.842,0.2,2.3,2.5,2.3,0.6,0.1,1.2,2.4,12.1
150,Evan Fournier\fournev01,SG,26,ORL,32,32,30.4,5.8,13.8,.424,2.1,6.4,.332,3.7,7.4,.504,.501,1.7,2.2,.757,0.5,2.7,3.2,3.8,0.9,0.2,2.1,3.0,15.5
151,De'Aaron Fox\foxde01,PG,21,SAC,34,34,31.8,6.4,13.4,.475,1.2,3.1,.404,5.1,10.4,.496,.521,4.1,5.7,.722,0.5,2.9,3.5,7.6,1.6,0.6,3.1,2.4,18.1
152,Melvin Frazier\frazime01,SG,22,ORL,3,0,5.3,0.0,1.0,.000,0.0,0.3,.000,0.0,0.7,.000,.000,0.0,0.0,,0.0,0.3,0.3,0.0,0.3,0.0,0.3,1.0,0.0
153,Tim Frazier\fraziti01,PG,28,NOP,26,16,20.0,1.7,4.0,.437,0.7,1.7,.409,1.0,2.3,.458,.524,0.7,0.8,.773,0.8,2.0,2.8,4.7,0.6,0.1,1.4,2.2,4.8
154,Channing Frye\fryech01,C,35,CLE,14,3,8.1,1.0,2.6,.389,0.9,1.9,.444,0.1,0.6,.222,.556,0.2,0.2,1.000,0.1,1.5,1.6,0.2,0.2,0.1,0.6,1.0,3.1
155,Markelle Fultz\fultzma01,SG,20,PHI,19,15,22.5,3.4,8.2,.419,0.2,0.7,.286,3.2,7.4,.433,.432,1.1,1.9,.568,1.4,2.3,3.7,3.1,0.9,0.3,1.3,2.7,8.2
156,Danilo Gallinari\gallida01,SF,30,LAC,33,33,31.3,5.9,12.8,.460,2.5,5.3,.466,3.4,7.5,.456,.556,5.3,5.8,.921,0.9,5.2,6.1,2.3,0.7,0.3,1.3,2.1,19.5
157,Langston Galloway\gallola01,SG,27,DET,31,1,24.7,3.4,8.3,.406,1.8,5.3,.350,1.5,3.0,.505,.518,1.1,1.4,.791,0.7,2.0,2.6,1.2,0.4,0.1,0.5,2.0,9.6
158,Marc Gasol\gasolma01,C,34,MEM,34,34,34.5,5.7,13.0,.440,1.6,4.3,.377,4.1,8.7,.471,.502,3.2,4.2,.768,1.1,7.5,8.6,4.3,1.4,1.5,2.1,2.7,16.2
159,Pau Gasol\gasolpa01,C,38,SAS,9,0,17.4,2.4,4.8,.512,0.4,0.8,.571,2.0,4.0,.500,.558,1.4,2.0,.722,1.2,4.9,6.1,3.3,0.1,1.0,0.8,1.8,6.8
160,Rudy Gay\gayru01,SF,32,SAS,31,28,27.0,5.5,10.5,.525,1.2,2.6,.451,4.3,7.9,.549,.581,1.7,2.1,.844,1.0,5.8,6.8,2.4,0.8,0.6,1.5,2.5,14.0
161,Paul George\georgpa01,SF,28,OKC,33,33,35.4,9.0,20.0,.452,3.4,8.7,.390,5.6,11.3,.499,.536,4.8,5.7,.841,1.5,6.9,8.4,4.3,2.2,0.7,2.9,2.8,26.3
162,Taj Gibson\gibsota01,PF,33,MIN,33,33,25.3,4.3,7.9,.540,0.3,0.8,.423,3.9,7.1,.553,.561,1.6,2.3,.688,2.8,4.0,6.8,1.4,0.9,0.5,0.9,2.6,10.5
163,Harry Giles\gilesha01,PF,20,SAC,23,0,10.1,2.3,4.9,.469,0.0,0.1,.000,2.3,4.8,.482,.469,0.7,1.2,.556,1.0,1.8,2.7,1.1,0.7,0.2,1.0,2.3,5.3
164,Shai Gilgeous-Alexander\gilgesh01,PG,20,LAC,34,25,27.4,4.1,8.3,.491,0.6,1.5,.373,3.5,6.8,.517,.525,1.9,2.4,.802,0.8,2.2,3.0,2.9,1.0,0.6,1.7,1.9,10.6
165,Rudy Gobert\goberru01,C,26,UTA,35,35,31.0,5.6,8.6,.651,0.0,0.0,,5.6,8.6,.651,.651,3.5,5.6,.619,3.6,8.7,12.3,1.9,0.9,2.1,1.5,2.8,14.7
166,Brandon Goodwin\goodwbr01,PG,23,DEN,3,0,3.0,0.7,1.7,.400,0.7,0.7,1.000,0.0,1.0,.000,.600,1.3,1.3,1.000,0.0,0.0,0.0,1.7,0.0,0.0,0.0,1.0,3.3
167,Aaron Gordon\gordoaa01,PF,23,ORL,31,31,33.0,5.9,13.0,.450,1.6,4.3,.381,4.2,8.7,.485,.514,1.9,2.8,.682,1.8,5.6,7.5,3.1,0.9,0.8,1.8,2.5,15.3
168,Eric Gordon\gordoer01,SG,30,HOU,30,16,33.3,5.4,14.6,.371,2.6,8.6,.301,2.8,5.9,.472,.460,1.9,2.5,.784,0.4,2.0,2.4,2.1,0.5,0.5,1.5,2.1,15.3
169,Marcin Gortat\gortama01,C,34,LAC,27,27,17.2,2.0,4.0,.505,0.0,0.0,,2.0,4.0,.505,.505,0.9,1.2,.758,1.3,4.5,5.8,1.5,0.1,0.6,1.1,2.1,4.9
170,Devonte' Graham\grahade01,PG,23,CHO,13,0,9.2,1.2,2.9,.421,0.3,1.5,.211,0.9,1.5,.632,.474,0.2,0.2,1.000,0.0,0.8,0.8,1.8,0.4,0.0,0.5,0.5,2.9
171,Treveon Graham\grahatr01,SG,25,BRK,2,0,13.5,0.0,1.5,.000,0.0,1.0,.000,0.0,0.5,.000,.000,0.0,0.0,,0.5,1.5,2.0,0.5,0.5,0.0,1.0,2.5,0.0
172,Jerami Grant\grantje01,PF,24,OKC,33,30,30.8,4.7,8.9,.527,1.2,3.1,.373,3.5,5.8,.609,.592,1.8,2.8,.649,1.0,3.8,4.8,1.0,0.7,1.3,0.9,2.6,12.4
173,Jerian Grant\grantje02,PG,26,ORL,33,0,19.3,1.6,4.1,.390,0.7,2.0,.333,0.9,2.1,.443,.471,0.5,0.7,.625,0.4,1.5,1.9,3.3,1.0,0.1,1.2,1.7,4.3
174,Danny Green\greenda02,SG,31,TOR,35,35,29.8,3.6,8.2,.444,2.3,5.5,.415,1.3,2.7,.505,.584,0.4,0.4,.933,1.0,3.2,4.2,1.3,0.9,0.8,1.1,2.4,9.9
175,Draymond Green\greendr01,PF,28,GSW,21,21,30.7,2.8,6.9,.407,0.5,2.3,.224,2.3,4.6,.500,.445,1.0,1.3,.741,0.9,7.0,7.9,6.6,1.9,0.8,3.1,3.3,7.1
176,Gerald Green\greenge01,SG,33,HOU,29,0,18.5,2.7,6.7,.402,1.8,5.3,.340,0.9,1.4,.634,.536,0.4,0.5,.857,0.5,2.0,2.4,0.4,0.3,0.2,0.7,1.9,7.6
177,JaMychal Green\greenja01,PF,28,MEM,22,2,23.2,4.0,8.2,.494,0.8,2.1,.362,3.3,6.0,.541,.542,1.3,1.7,.784,1.9,4.5,6.3,0.8,1.0,0.8,1.6,2.9,10.2
178,Jeff Green\greenje02,PF,32,WAS,33,10,25.8,3.9,7.8,.500,1.2,3.2,.368,2.7,4.5,.593,.576,2.0,2.2,.905,1.2,3.5,4.7,1.3,0.6,0.5,1.2,2.0,11.0
179,Blake Griffin\griffbl01,PF,29,DET,31,31,35.9,8.5,18.1,.469,2.3,6.4,.360,6.2,11.7,.527,.532,5.9,8.1,.730,1.3,7.6,8.9,5.2,0.7,0.5,3.8,2.8,25.2
180,Daniel Hamilton\hamilda02,SG,23,ATL,7,0,6.9,0.4,1.7,.250,0.3,0.9,.333,0.1,0.9,.167,.333,0.1,0.3,.500,0.0,0.6,0.6,0.7,0.1,0.0,0.4,0.6,1.3
181,Tim Hardaway\hardati02,SG,26,NYK,33,33,33.5,6.7,17.1,.391,2.8,7.8,.354,3.9,9.3,.422,.472,4.7,5.5,.852,0.5,2.8,3.4,3.0,1.0,0.2,2.0,2.5,20.8
182,James Harden\hardeja01,SG,29,HOU,30,30,36.7,9.6,21.7,.445,4.3,11.5,.376,5.3,10.1,.523,.545,8.7,10.2,.850,0.7,5.0,5.7,8.4,2.1,0.5,5.3,3.4,32.3
183,Maurice Harkless\harklma01,SF,25,POR,21,14,20.3,2.3,4.9,.466,0.6,1.8,.342,1.7,3.1,.538,.529,0.5,0.8,.625,0.7,2.7,3.4,0.8,0.7,0.8,0.6,2.7,5.7
184,Montrezl Harrell\harremo01,C,25,LAC,34,0,25.3,6.0,9.4,.636,0.0,0.1,.333,6.0,9.4,.638,.637,3.5,5.6,.615,2.4,4.2,6.7,1.6,0.8,1.6,1.3,2.7,15.5
185,Devin Harris\harride01,PG,35,DAL,23,0,15.7,2.2,5.4,.403,0.9,3.1,.296,1.3,2.3,.547,.488,1.7,2.1,.813,0.1,1.7,1.9,1.3,0.8,0.3,0.6,1.6,7.0
186,Gary Harris\harriga01,SG,24,DEN,21,21,32.3,6.2,14.1,.438,1.7,5.3,.324,4.5,8.9,.505,.498,2.5,3.2,.791,0.7,2.5,3.2,2.9,1.2,0.4,1.2,2.2,16.6
187,Joe Harris\harrijo01,SG,27,BRK,33,33,30.2,4.9,9.7,.509,2.5,5.2,.477,2.5,4.5,.547,.638,1.3,1.6,.827,0.7,2.8,3.6,2.5,0.6,0.2,1.4,2.8,13.7
188,Tobias Harris\harrito02,PF,26,LAC,34,34,34.5,8.1,15.9,.509,2.1,4.8,.429,6.0,11.1,.544,.574,3.3,3.7,.881,0.7,7.4,8.2,2.3,0.6,0.4,1.9,2.0,21.5
189,Andrew Harrison\harrian01,SG-PG,24,TOT,17,0,11.0,0.9,3.1,.302,0.3,1.5,.200,0.6,1.6,.393,.349,1.0,1.1,.944,0.4,0.8,1.2,1.4,0.2,0.1,0.7,2.0,3.2
189,Andrew Harrison\harrian01,PG,24,MEM,1,0,5.0,1.0,2.0,.500,0.0,1.0,.000,1.0,1.0,1.000,.500,0.0,0.0,,0.0,0.0,0.0,0.0,0.0,0.0,0.0,1.0,2.0
189,Andrew Harrison\harrian01,SG,24,CLE,10,0,14.4,1.2,3.9,.308,0.3,1.4,.214,0.9,2.5,.360,.346,1.6,1.6,1.000,0.4,1.1,1.5,1.7,0.4,0.2,1.0,2.6,4.3
189,Andrew Harrison\harrian01,SG,24,NOP,6,0,6.3,0.5,2.0,.250,0.3,1.7,.200,0.2,0.3,.500,.333,0.2,0.3,.500,0.3,0.5,0.8,1.2,0.0,0.0,0.3,1.2,1.5
190,Shaquille Harrison\harrish01,PG,25,CHI,26,0,17.3,2.2,5.2,.426,0.3,1.3,.235,1.9,3.9,.490,.456,1.2,1.9,.612,0.3,2.3,2.6,1.6,1.4,0.3,0.8,1.5,5.9
191,Josh Hart\hartjo01,SG,23,LAL,34,10,25.4,3.2,7.4,.430,1.7,4.6,.378,1.4,2.8,.516,.548,0.9,1.4,.674,0.5,2.6,3.1,1.1,1.0,0.6,0.9,2.1,9.0
192,Isaiah Hartenstein\harteis01,PF,20,HOU,22,0,8.1,0.8,1.5,.500,0.1,0.2,.400,0.7,1.3,.517,.529,0.5,0.6,.786,0.8,0.8,1.6,0.5,0.2,0.4,0.5,2.0,2.1
193,Udonis Haslem\hasleud01,C,38,MIA,3,0,4.7,0.7,2.0,.333,0.0,0.7,.000,0.7,1.3,.500,.333,0.0,0.0,,0.3,1.3,1.7,0.0,0.0,0.0,0.7,1.0,1.3
194,Gordon Hayward\haywago01,SF,28,BOS,29,16,26.8,3.7,9.1,.400,1.2,3.8,.321,2.4,5.4,.455,.466,2.1,2.3,.882,0.9,4.1,5.0,3.3,1.1,0.3,1.3,1.3,10.6
195,John Henson\hensojo01,C,28,MIL,14,0,13.4,2.2,4.8,.463,0.8,2.2,.355,1.4,2.6,.556,.545,0.4,0.7,.600,1.1,3.9,5.1,1.0,0.5,0.8,0.9,1.1,5.6
196,Juan Hernangomez\hernaju01,PF,23,DEN,31,20,27.7,3.5,7.2,.482,1.7,4.0,.435,1.7,3.2,.541,.604,1.7,2.2,.783,1.6,4.1,5.8,1.0,0.5,0.5,0.7,1.9,10.4
197,Willy Hernangomez\hernawi01,C,24,CHO,25,1,13.1,2.8,5.1,.543,0.5,1.0,.500,2.3,4.1,.553,.591,1.7,2.4,.729,2.1,2.8,4.9,0.9,0.3,0.4,0.9,1.7,7.7
198,Mario Hezonja\hezonma01,SF,23,NYK,31,11,17.6,2.8,7.3,.383,0.8,2.6,.293,2.0,4.7,.434,.436,0.8,1.2,.632,0.3,2.8,3.2,1.0,0.7,0.1,1.1,1.7,7.2
199,Buddy Hield\hieldbu01,SG,25,SAC,34,34,31.0,7.6,16.1,.471,3.1,7.3,.429,4.4,8.8,.505,.568,1.9,2.2,.851,1.1,4.0,5.2,2.4,0.5,0.4,2.0,2.4,20.1
200,Nene Hilario\hilarne01,C,36,HOU,11,0,14.8,1.7,3.4,.514,0.0,0.2,.000,1.7,3.2,.543,.514,0.8,1.0,.818,0.9,2.6,3.5,0.7,0.5,0.4,0.4,2.4,4.3
201,George Hill\hillge01,PG,32,TOT,21,13,24.4,3.4,6.9,.490,0.9,2.2,.391,2.5,4.7,.535,.552,1.0,1.3,.786,0.8,1.5,2.3,2.5,0.8,0.1,1.0,2.3,8.7
202,Solomon Hill\hillso01,SF,27,NOP,23,9,21.5,1.5,3.8,.398,0.7,2.2,.340,0.8,1.7,.474,.494,0.4,0.7,.625,1.0,2.5,3.5,1.3,0.6,0.3,0.7,1.6,4.2
203,Aaron Holiday\holidaa01,PG,22,IND,21,0,12.2,2.1,5.2,.409,0.6,2.6,.241,1.5,2.7,.571,.468,0.9,1.0,.864,0.1,1.7,1.8,1.4,0.5,0.4,0.7,1.4,5.8
204,Jrue Holiday\holidjr01,SG,28,NOP,35,35,36.7,8.1,16.9,.477,1.7,5.1,.322,6.4,11.8,.545,.526,3.1,4.1,.755,1.2,3.3,4.4,8.7,1.7,0.8,3.7,2.7,20.9
205,Justin Holiday\holidju01,SG,29,CHI,35,35,34.9,4.1,10.6,.386,2.7,7.3,.365,1.4,3.3,.435,.512,1.1,1.2,.902,0.5,4.1,4.6,2.3,1.7,0.6,1.3,2.1,11.9
206,John Holland\hollajo02,SF,30,CLE,1,0,1.0,0.0,0.0,,0.0,0.0,,0.0,0.0,,,0.0,0.0,,0.0,0.0,0.0,0.0,0.0,0.0,0.0,0.0,0.0
207,Rondae Hollis-Jefferson\holliro01,SF,24,BRK,32,17,24.8,3.8,9.3,.411,0.3,0.9,.267,3.6,8.3,.427,.424,2.6,3.9,.659,1.4,4.6,6.1,2.0,0.9,0.5,1.3,2.0,10.5
208,Richaun Holmes\holmeri01,C,25,PHO,34,1,15.6,3.1,4.8,.660,0.0,0.0,,3.1,4.8,.660,.660,1.2,1.8,.667,1.7,2.9,4.6,0.6,0.6,1.1,0.9,2.6,7.5
209,Rodney Hood\hoodro01,SG,26,CLE,32,32,28.2,4.7,10.6,.444,1.3,3.4,.367,3.4,7.2,.480,.503,2.3,2.5,.889,0.4,2.1,2.4,2.1,0.8,0.1,0.8,2.4,12.9
210,Al Horford\horfoal01,C,32,BOS,24,24,29.6,4.9,10.1,.488,1.2,3.6,.322,3.8,6.5,.581,.545,1.0,1.4,.697,1.6,4.9,6.5,3.5,0.8,1.6,1.5,1.9,12.0
211,Danuel House\houseda01,SF,25,HOU,15,2,21.4,2.3,5.4,.432,1.1,3.6,.296,1.3,1.8,.704,.531,1.7,2.3,.765,0.8,2.2,3.0,0.7,0.5,0.2,0.7,1.7,7.5
212,Dwight Howard\howardw01,C,33,WAS,9,9,25.6,4.8,7.7,.623,0.0,0.0,,4.8,7.7,.623,.623,3.2,5.3,.604,2.7,6.6,9.2,0.4,0.8,0.4,1.8,3.8,12.8
213,Kevin Huerter\huertke01,SG,20,ATL,32,16,24.0,2.7,6.4,.417,1.4,3.6,.395,1.3,2.9,.446,.527,0.6,0.8,.792,0.8,2.2,3.0,2.2,0.8,0.4,1.3,1.8,7.4
214,Chandler Hutchison\hutchch01,SF,22,CHI,30,3,17.3,1.6,3.7,.420,0.3,0.9,.286,1.3,2.8,.464,.455,0.5,0.9,.556,0.7,2.9,3.6,0.7,0.5,0.1,0.6,1.2,3.9
215,Serge Ibaka\ibakase01,C,29,TOR,32,23,28.0,6.8,12.4,.543,0.8,2.6,.293,6.0,9.9,.608,.573,2.2,2.6,.831,2.0,5.3,7.3,1.4,0.5,1.3,1.7,3.1,16.4
216,Andre Iguodala\iguodan01,SF,35,GSW,30,11,23.1,2.0,4.3,.469,0.8,2.0,.377,1.3,2.3,.551,.558,0.6,0.9,.643,0.7,2.7,3.4,3.0,0.7,0.7,0.9,1.4,5.4
217,Ersan Ilyasova\ilyaser01,PF,31,MIL,24,2,19.9,2.7,6.2,.430,1.0,2.7,.359,1.7,3.5,.482,.507,1.2,1.3,.875,1.6,3.9,5.5,1.2,0.5,0.3,0.9,2.8,7.5
218,Joe Ingles\inglejo01,SF,31,UTA,35,35,31.3,4.5,9.9,.451,2.2,5.7,.387,2.3,4.3,.537,.562,1.0,1.6,.632,0.3,3.7,3.9,4.8,1.6,0.2,2.2,2.3,12.2
219,Brandon Ingram\ingrabr01,SG,21,LAL,23,23,30.8,5.9,12.6,.471,0.6,1.8,.310,5.3,10.7,.498,.493,3.1,4.8,.640,0.7,3.3,4.0,2.2,0.7,0.6,2.2,2.7,15.5
220,Kyrie Irving\irvinky01,PG,26,BOS,31,31,32.3,8.9,18.3,.486,2.8,6.7,.413,6.1,11.6,.528,.562,2.7,3.2,.838,1.3,3.7,5.1,6.3,1.6,0.5,2.6,2.3,23.3
221,Jonathan Isaac\isaacjo01,SF,21,ORL,27,16,23.9,2.9,6.7,.423,0.6,2.3,.270,2.2,4.4,.504,.470,1.7,2.1,.825,1.1,4.0,5.1,0.9,0.8,1.1,1.1,2.2,8.1
222,Wesley Iwundu\iwundwe01,SF,24,ORL,23,12,16.4,1.4,4.0,.363,0.4,1.1,.346,1.0,2.8,.369,.412,1.0,1.3,.793,0.4,1.4,1.8,0.9,0.3,0.2,0.6,1.6,4.3
223,Demetrius Jackson\jacksde01,PG,24,PHI,3,0,4.7,0.7,1.0,.667,0.0,0.0,,0.7,1.0,.667,.667,0.0,0.0,,0.0,0.3,0.3,1.0,0.3,0.0,0.3,0.3,1.3
224,Frank Jackson\jacksfr01,PG,20,NOP,21,0,12.3,1.6,4.0,.405,0.6,1.6,.382,1.0,2.4,.420,.482,0.6,0.9,.722,0.1,0.7,0.8,0.6,0.1,0.0,0.7,1.4,4.5
225,Jaren Jackson\jacksja02,C,19,MEM,34,32,25.5,5.0,9.8,.512,0.8,2.4,.341,4.2,7.4,.568,.554,2.3,3.0,.765,1.2,3.5,4.7,1.3,0.9,1.8,1.6,3.7,13.1
226,Josh Jackson\jacksjo02,SG,21,PHO,35,9,21.7,3.5,8.9,.388,0.7,2.3,.288,2.8,6.6,.422,.425,1.4,2.2,.623,0.7,3.2,3.9,2.2,1.0,0.5,2.3,2.3,8.9
227,Justin Jackson\jacksju01,SF,23,SAC,33,3,20.8,2.5,5.6,.452,1.1,3.0,.357,1.5,2.7,.557,.546,0.6,0.8,.750,0.4,2.2,2.7,1.3,0.4,0.2,0.4,1.2,6.8
228,Reggie Jackson\jacksre01,PG,28,DET,32,32,28.5,5.0,12.6,.400,2.0,5.8,.342,3.0,6.7,.451,.480,3.3,3.8,.862,0.7,2.0,2.6,4.4,0.7,0.1,2.0,3.1,15.4
229,LeBron James\jamesle01,PF,34,LAL,34,34,34.6,10.0,19.3,.518,2.0,5.6,.356,8.0,13.7,.585,.570,5.3,7.8,.682,0.9,7.4,8.3,7.1,1.3,0.7,3.4,1.6,27.3
230,Jonas Jerebko\jerebjo01,PF,31,GSW,35,6,20.5,2.8,5.8,.480,1.2,3.2,.372,1.6,2.6,.615,.583,1.0,1.3,.818,1.3,3.8,5.1,1.7,0.4,0.2,0.9,2.5,7.8
231,Alize Johnson\johnsal02,PF,22,IND,4,0,3.0,0.3,0.8,.333,0.0,0.0,,0.3,0.8,.333,.333,0.0,0.5,.000,0.0,1.0,1.0,0.0,0.0,0.3,0.0,0.8,0.5
232,Amir Johnson\johnsam01,C,31,PHI,31,1,9.5,1.5,2.7,.542,0.2,0.6,.389,1.2,2.1,.585,.584,0.6,0.8,.760,0.7,1.8,2.5,1.2,0.3,0.2,0.9,2.0,3.7
233,James Johnson\johnsja01,PF,31,MIA,18,16,21.2,3.3,7.7,.428,0.8,2.8,.294,2.4,4.8,.506,.482,0.9,1.3,.708,0.5,2.9,3.4,2.5,0.7,0.3,1.1,2.2,8.3
234,Stanley Johnson\johnsst04,SF,22,DET,28,7,22.1,3.4,8.6,.398,1.3,4.5,.286,2.1,4.1,.522,.473,0.8,1.0,.793,0.8,3.3,4.0,1.3,1.0,0.3,1.5,2.2,9.0
235,Tyler Johnson\johnsty01,PG,26,MIA,26,4,25.5,4.1,9.2,.446,1.7,4.4,.395,2.4,4.8,.492,.540,1.8,2.5,.708,0.4,2.5,3.0,2.3,0.8,0.5,1.5,1.8,11.7
236,Wesley Johnson\johnswe01,SF,31,NOP,22,13,16.4,1.5,3.6,.413,0.9,2.1,.413,0.6,1.5,.412,.531,0.2,0.3,.833,0.5,2.0,2.5,0.7,0.5,0.3,0.5,2.0,4.1
237,Nikola Jokic\jokicni01,C,23,DEN,32,32,30.6,6.5,13.5,.481,1.1,3.3,.318,5.4,10.2,.535,.521,3.7,4.3,.842,2.6,7.2,9.8,7.3,1.5,0.7,3.0,2.8,17.7
238,Damian Jones\jonesda03,C,23,GSW,24,22,17.1,2.2,3.1,.716,0.0,0.0,,2.2,3.1,.716,.716,1.0,1.5,.649,1.3,1.8,3.1,1.2,0.5,1.0,0.7,2.6,5.4
239,Derrick Jones\jonesde02,SF,21,MIA,23,4,16.7,2.3,5.1,.458,0.4,1.3,.323,1.9,3.8,.506,.500,1.2,2.0,.596,1.9,2.4,4.3,0.5,0.7,0.7,0.7,2.0,6.3
240,Jalen Jones\jonesja04,SF,25,CLE,8,0,8.1,1.0,2.3,.444,0.5,1.1,.444,0.5,1.1,.444,.556,0.5,0.8,.667,0.3,1.4,1.6,0.3,0.3,0.1,0.1,1.1,3.0
241,Tyus Jones\jonesty01,PG,22,MIN,33,3,18.5,1.7,4.7,.361,0.5,1.7,.298,1.2,3.0,.398,.416,0.5,0.7,.783,0.3,1.4,1.7,3.2,1.1,0.1,0.5,0.9,4.5
242,DeAndre Jordan\jordade01,C,30,DAL,33,33,31.5,4.2,6.6,.635,0.0,0.0,,4.2,6.6,.635,.635,3.0,4.2,.710,3.1,11.1,14.2,2.2,0.7,0.9,2.2,2.4,11.4
243,Cory Joseph\josepco01,PG,27,IND,35,0,25.7,3.2,6.9,.457,0.9,2.3,.380,2.3,4.7,.494,.519,0.3,0.5,.556,0.4,3.3,3.7,3.8,1.3,0.2,1.2,1.7,7.5
244,Frank Kaminsky\kaminfr01,PF,25,CHO,20,0,11.6,2.0,4.1,.488,0.6,1.8,.333,1.4,2.3,.609,.561,1.0,1.5,.690,0.6,1.8,2.4,1.0,0.2,0.3,0.8,1.3,5.6
245,Enes Kanter\kanteen01,C,26,NYK,35,23,27.2,6.1,10.9,.554,0.2,0.5,.353,5.9,10.5,.563,.561,2.6,3.1,.843,3.9,7.0,10.9,2.0,0.4,0.4,1.9,2.5,14.9
246,Luke Kennard\kennalu01,SG,22,DET,14,8,18.6,2.3,5.9,.390,0.9,2.9,.317,1.4,2.9,.463,.470,0.1,0.1,.500,0.1,2.3,2.4,1.1,0.3,0.2,1.0,1.4,5.6
247,Michael Kidd-Gilchrist\kiddgmi01,PF,25,CHO,26,1,19.4,3.2,6.5,.485,0.2,0.6,.375,2.9,5.9,.497,.503,1.7,2.1,.782,2.0,3.2,5.2,1.1,0.5,1.1,0.8,2.7,8.2
248,George King\kingge03,SF,25,PHO,1,0,6.0,0.0,0.0,,0.0,0.0,,0.0,0.0,,,0.0,0.0,,0.0,1.0,1.0,0.0,0.0,0.0,0.0,0.0,0.0
249,Maxi Kleber\klebima01,PF,27,DAL,29,1,17.4,2.3,5.2,.441,0.9,3.0,.291,1.4,2.3,.636,.523,0.9,1.1,.781,1.1,2.4,3.6,0.7,0.4,1.3,0.5,1.4,6.3
250,Brandon Knight\knighbr03,PG,27,HOU,6,0,8.5,0.5,3.3,.150,0.3,2.5,.133,0.2,0.8,.200,.200,0.0,0.0,,0.2,0.3,0.5,0.2,0.0,0.0,0.3,1.0,1.3
251,Kevin Knox\knoxke01,PF,19,NYK,28,10,24.9,4.3,11.3,.381,1.6,4.6,.359,2.6,6.7,.396,.454,1.8,2.6,.681,0.9,3.3,4.2,0.9,0.5,0.4,1.3,2.2,12.0
252,Furkan Korkmaz\korkmfu01,SG,21,PHI,27,2,14.4,2.2,5.4,.414,1.0,3.0,.329,1.2,2.3,.524,.507,0.6,0.7,.833,0.3,2.0,2.4,1.1,0.7,0.1,0.4,1.2,6.0
253,Luke Kornet\kornelu01,PF,23,NYK,13,0,8.2,1.1,2.7,.400,0.8,2.2,.357,0.3,0.5,.571,.543,0.4,0.5,.833,0.5,1.2,1.7,0.7,0.2,0.4,0.3,0.5,3.3
254,Kyle Korver\korveky01,PF-SG,37,TOT,29,0,16.7,2.6,5.8,.455,1.7,4.1,.424,0.9,1.7,.531,.605,0.7,0.8,.792,0.1,1.8,1.8,1.0,0.3,0.2,0.9,1.3,7.6
254,Kyle Korver\korveky01,PF,37,CLE,16,0,15.7,2.2,4.8,.461,1.6,3.4,.463,0.6,1.4,.455,.625,0.8,1.0,.813,0.0,1.8,1.8,1.1,0.2,0.1,1.1,1.4,6.8
254,Kyle Korver\korveky01,SG,37,UTA,13,0,18.0,3.2,7.0,.451,1.9,4.9,.391,1.2,2.1,.593,.588,0.5,0.6,.750,0.2,1.7,1.8,0.9,0.5,0.3,0.6,1.3,8.7
255,Kosta Koufos\koufoko01,C,29,SAC,20,1,15.1,1.9,4.1,.469,0.0,0.0,,1.9,4.1,.469,.469,0.2,0.5,.333,1.5,3.8,5.3,1.1,0.6,0.5,0.7,2.2,4.0
256,Rodions Kurucs\kurucro01,SF,20,BRK,19,7,18.9,3.4,6.7,.512,0.8,2.4,.333,2.6,4.3,.610,.571,1.6,1.7,.909,1.0,3.1,4.1,0.6,0.6,0.3,0.9,2.2,9.2
257,Kyle Kuzma\kuzmaky01,SF,23,LAL,34,32,32.4,7.0,14.6,.481,1.8,5.7,.313,5.2,8.8,.590,.542,2.4,3.1,.762,0.7,5.0,5.7,2.3,0.6,0.5,1.7,2.3,18.1
258,Skal Labissiere\labissk01,PF,22,SAC,10,0,9.4,1.1,2.6,.423,0.3,1.0,.300,0.8,1.6,.500,.481,0.6,1.1,.545,0.2,1.7,1.9,0.4,0.2,0.2,0.6,1.9,3.1
259,Jeremy Lamb\lambje01,SG,26,CHO,33,33,29.5,5.5,12.5,.445,1.4,4.0,.356,4.1,8.5,.487,.502,2.9,3.3,.864,0.8,4.9,5.7,2.0,1.2,0.3,0.8,2.1,15.4
260,Zach LaVine\lavinza01,SG,23,CHI,29,28,35.0,8.5,18.7,.455,1.7,5.2,.331,6.8,13.4,.503,.501,5.2,6.0,.863,0.4,4.3,4.7,4.7,1.0,0.5,3.9,2.1,23.9
261,Jake Layman\laymaja01,SF,24,POR,25,20,14.7,2.1,4.1,.505,0.7,2.0,.353,1.4,2.1,.654,.592,0.4,0.6,.600,0.7,1.6,2.3,0.3,0.6,0.3,0.6,1.0,5.2
262,T.J. Leaf\leaftj01,PF,21,IND,17,0,6.9,0.9,2.5,.381,0.1,0.6,.182,0.8,1.8,.452,.405,0.2,0.2,.750,0.6,1.0,1.6,0.3,0.1,0.1,0.3,0.5,2.2
263,Courtney Lee\leeco01,SG,33,NYK,9,1,14.0,1.8,4.2,.421,0.6,1.4,.385,1.2,2.8,.440,.487,0.8,1.2,.636,0.6,1.9,2.4,1.3,0.6,0.2,0.3,1.4,4.9
264,Damion Lee\leeda03,SG,26,GSW,16,0,12.2,1.7,3.6,.466,0.8,1.9,.419,0.9,1.7,.519,.578,0.7,0.8,.846,0.2,1.6,1.8,0.2,0.5,0.0,0.5,1.2,4.9
265,Alex Len\lenal01,C,25,ATL,30,18,19.7,3.7,7.6,.487,0.6,1.8,.340,3.1,5.8,.531,.526,1.8,2.6,.684,1.9,3.3,5.3,1.0,0.3,0.9,1.6,2.9,9.8
266,Kawhi Leonard\leonaka01,SF,27,TOR,27,27,35.0,9.4,19.0,.497,1.8,4.8,.377,7.6,14.2,.538,.545,6.2,7.2,.856,1.3,7.0,8.4,3.1,1.8,0.6,2.1,1.6,26.9
267,Meyers Leonard\leoname01,C,26,POR,31,0,13.6,2.1,4.1,.508,0.9,2.1,.438,1.2,2.0,.581,.619,0.8,1.0,.867,0.9,3.1,4.0,1.1,0.3,0.1,0.7,1.6,5.9
268,Jon Leuer\leuerjo01,PF,29,DET,19,1,10.1,1.8,2.9,.625,0.0,0.3,.000,1.8,2.6,.700,.625,0.6,0.8,.800,0.6,1.6,2.2,0.3,0.3,0.1,0.6,1.3,4.3
269,Caris LeVert\leverca01,SF,24,BRK,14,14,29.7,6.9,14.6,.475,1.4,4.4,.311,5.6,10.2,.545,.522,3.1,4.4,.721,1.0,3.3,4.3,3.7,1.2,0.4,2.1,2.4,18.4
270,Damian Lillard\lillada01,PG,28,POR,34,34,35.2,8.8,19.6,.450,3.1,7.7,.398,5.8,11.9,.483,.528,6.2,7.0,.890,0.8,4.0,4.9,5.8,0.9,0.6,2.6,1.8,26.9
271,Jeremy Lin\linje01,PG,30,ATL,29,0,18.5,3.6,7.2,.505,1.0,2.7,.380,2.6,4.4,.581,.577,2.6,3.1,.833,0.2,2.1,2.3,3.2,0.8,0.1,1.9,1.9,10.9
272,Shaun Livingston\livinsh01,PG,33,GSW,25,0,16.4,1.8,4.2,.419,0.0,0.1,.000,1.8,4.1,.427,.419,0.9,1.2,.733,0.9,1.4,2.3,2.2,0.5,0.6,0.7,1.4,4.4
273,Zach Lofton\loftoza01,SG,26,DET,1,0,4.0,0.0,1.0,.000,0.0,1.0,.000,0.0,0.0,,.000,0.0,0.0,,0.0,0.0,0.0,0.0,1.0,0.0,1.0,0.0,0.0
274,Kevon Looney\looneke01,C,22,GSW,35,12,20.4,2.7,4.4,.623,0.0,0.2,.000,2.7,4.2,.649,.623,0.8,1.3,.617,2.5,2.9,5.4,1.8,0.3,0.8,0.7,2.7,6.3
275,Brook Lopez\lopezbr01,C,30,MIL,33,33,27.6,4.1,9.7,.422,2.4,6.7,.351,1.7,3.0,.582,.544,1.2,1.4,.826,0.4,3.7,4.1,1.1,0.5,1.9,1.0,2.2,11.7
276,Robin Lopez\lopezro01,C,30,CHI,28,0,17.4,2.6,5.1,.507,0.1,0.4,.250,2.5,4.7,.530,.517,0.8,1.1,.700,1.2,1.4,2.5,1.1,0.1,1.0,1.5,1.9,6.1
277,Kevin Love\loveke01,PF,30,CLE,4,4,34.0,5.3,16.3,.323,1.8,6.0,.292,3.5,10.3,.341,.377,6.8,8.3,.818,2.5,11.0,13.5,3.5,0.3,0.3,2.5,3.5,19.0
278,Kyle Lowry\lowryky01,PG,32,TOR,30,30,34.1,5.0,11.5,.433,2.1,6.6,.325,2.8,4.9,.578,.526,2.4,2.8,.845,0.5,4.0,4.5,9.8,1.4,0.5,2.7,2.2,14.4
279,Jordan Loyd\loydjo01,PG,25,TOR,3,0,5.7,1.0,1.0,1.000,0.7,0.7,1.000,0.3,0.3,1.000,1.333,1.3,1.3,1.000,0.3,1.3,1.7,0.3,0.0,0.0,0.3,0.7,4.0
280,Timothe Luwawu-Cabarrot\luwawti01,SF,23,OKC,17,1,6.9,0.8,2.4,.317,0.3,1.2,.238,0.5,1.2,.400,.378,0.2,0.4,.667,0.2,0.8,1.0,0.2,0.2,0.1,0.3,0.8,2.1
281,Tyler Lydon\lydonty01,PF,22,DEN,11,0,3.7,0.5,0.7,.750,0.3,0.4,.750,0.3,0.4,.750,.938,0.1,0.2,.500,0.4,0.5,0.8,0.2,0.1,0.0,0.1,0.4,1.5
282,Trey Lyles\lylestr01,PF,23,DEN,32,1,20.4,3.7,8.7,.419,0.8,3.4,.250,2.8,5.3,.526,.468,1.7,2.5,.696,0.7,3.8,4.5,1.4,0.6,0.5,1.4,1.7,9.9
283,Shelvin Mack\macksh01,PG,28,MEM,34,2,24.4,3.0,7.2,.419,1.0,2.5,.400,2.0,4.7,.429,.488,1.2,1.7,.702,0.3,1.6,2.0,3.1,1.0,0.1,1.2,1.6,8.2
284,Daryl Macon\maconda01,SG,23,DAL,1,0,1.0,0.0,0.0,,0.0,0.0,,0.0,0.0,,,0.0,0.0,,0.0,0.0,0.0,0.0,0.0,0.0,0.0,0.0,0.0
285,Ian Mahinmi\mahinia01,C,32,WAS,18,6,13.7,1.1,2.3,.452,0.1,0.4,.125,1.0,1.9,.529,.464,1.8,2.7,.688,1.4,1.9,3.3,0.5,0.6,0.3,0.6,2.6,4.0
286,Thon Maker\makerth01,C,21,MIL,25,0,12.1,1.9,4.0,.465,0.9,2.5,.371,1.0,1.6,.615,.579,0.7,1.2,.548,0.4,2.4,2.8,0.5,0.2,0.6,0.3,1.6,5.4
287,Boban Marjanovic\marjabo01,C,30,LAC,26,7,11.2,2.7,4.3,.625,0.0,0.0,.000,2.7,4.3,.631,.625,2.3,2.9,.787,1.7,2.9,4.6,0.6,0.3,0.6,1.0,1.6,7.7
288,Lauri Markkanen\markkla01,PF,21,CHI,12,11,30.0,6.4,14.9,.430,2.7,6.8,.390,3.8,8.1,.464,.520,1.9,2.3,.852,1.2,5.6,6.8,1.2,1.0,0.8,1.5,2.4,17.4
289,Jarell Martin\martija01,PF,24,ORL,20,1,8.6,0.9,2.6,.333,0.2,1.1,.190,0.7,1.5,.433,.373,0.3,0.4,.857,0.3,1.5,1.8,0.6,0.1,0.2,0.4,1.2,2.2
290,Frank Mason\masonfr01,PG,24,SAC,27,0,13.2,1.9,4.7,.397,0.3,1.6,.205,1.5,3.0,.500,.433,1.1,1.6,.705,0.1,1.2,1.3,2.8,0.5,0.1,1.0,0.9,5.2
291,Wesley Matthews\matthwe02,SG,32,DAL,29,29,31.0,4.8,11.4,.418,2.4,6.1,.398,2.3,5.3,.442,.524,2.3,3.0,.791,0.6,1.9,2.4,2.4,0.9,0.2,1.3,2.5,14.3
292,Luc Mbah a Moute\mbahalu01,PF,32,LAC,4,0,15.3,2.0,4.5,.444,0.5,1.5,.333,1.5,3.0,.500,.500,0.5,1.3,.400,0.5,1.3,1.8,0.5,0.3,0.3,0.5,2.0,5.0
293,CJ McCollum\mccolcj01,SG,27,POR,33,33,34.1,8.3,18.0,.461,1.9,5.7,.337,6.4,12.3,.518,.514,2.4,3.0,.816,0.9,2.9,3.8,2.6,0.9,0.4,1.8,2.6,20.9
294,T.J. McConnell\mccontj01,PG,26,PHI,29,0,19.4,2.7,4.9,.538,0.2,0.7,.316,2.4,4.3,.573,.559,0.3,0.3,1.000,0.3,1.7,2.0,3.3,1.0,0.3,1.3,1.6,5.9
295,Doug McDermott\mcderdo01,SF,27,IND,35,0,17.7,2.5,5.1,.486,1.2,3.0,.410,1.2,2.1,.597,.607,0.9,1.0,.857,0.2,1.1,1.3,0.8,0.3,0.1,0.5,1.5,7.0
296,JaVale McGee\mcgeeja01,C,31,LAL,29,29,23.5,5.2,8.4,.626,0.0,0.1,.250,5.2,8.2,.632,.628,1.3,2.0,.667,2.5,4.1,6.7,0.8,0.8,2.6,1.6,2.6,11.8
297,Rodney McGruder\mcgruro01,SG,27,MIA,32,32,30.1,4.0,9.2,.431,1.6,4.1,.392,2.4,5.2,.461,.517,1.1,1.4,.773,1.0,3.4,4.4,2.5,0.8,0.1,1.3,2.4,10.6
298,Alfonzo McKinnie\mckinal01,SF,26,GSW,26,0,15.1,2.3,4.9,.469,0.8,2.0,.385,1.5,2.9,.526,.547,0.5,0.9,.522,1.4,2.5,3.9,0.4,0.2,0.2,0.4,2.1,5.8
299,Ben McLemore\mclembe01,SG,25,SAC,11,0,7.3,0.9,3.2,.286,0.8,2.1,.391,0.1,1.1,.083,.414,0.4,0.5,.667,0.1,0.6,0.7,0.3,0.2,0.2,0.1,0.9,3.0
300,Jordan McRae\mcraejo01,SG,27,WAS,7,0,4.6,0.3,1.6,.182,0.0,0.4,.000,0.3,1.1,.250,.182,0.0,0.0,,0.1,0.6,0.7,0.3,0.1,0.1,0.0,0.0,0.6
301,Salah Mejri\mejrisa01,C,32,DAL,11,0,5.9,0.7,1.2,.615,0.0,0.2,.000,0.7,1.0,.727,.615,0.5,0.5,.833,0.5,1.5,2.1,0.5,0.1,0.1,0.3,1.1,1.9
302,De'Anthony Melton\meltode01,PG,20,PHO,18,10,18.9,2.4,6.2,.393,0.9,2.6,.340,1.6,3.6,.431,.464,0.3,0.3,.833,0.3,2.1,2.4,2.8,1.3,0.2,1.7,2.3,6.1
303,Chimezie Metu\metuch01,PF,21,SAS,19,0,5.5,0.8,2.2,.381,0.0,0.1,.000,0.8,2.1,.400,.381,0.6,0.8,.800,0.4,0.9,1.4,0.6,0.3,0.1,0.5,0.4,2.3
304,Khris Middleton\middlkh01,SF,27,MIL,31,31,31.2,5.8,14.2,.409,2.6,7.2,.369,3.2,7.0,.450,.502,2.9,3.4,.867,0.4,5.5,5.9,3.9,1.2,0.1,2.4,2.6,17.2
305,C.J. Miles\milescj01,SF,31,TOR,29,1,14.7,1.7,5.3,.314,1.0,3.5,.284,0.7,1.8,.373,.408,0.7,0.9,.778,0.2,1.3,1.6,0.6,0.3,0.2,0.6,1.6,5.0
306,Darius Miller\milleda01,SF,28,NOP,31,3,22.8,2.3,5.7,.401,1.7,4.5,.371,0.6,1.2,.514,.548,0.5,0.6,.850,0.2,1.3,1.5,1.7,0.7,0.3,0.8,2.3,6.8
307,Patty Mills\millspa02,PG,30,SAS,35,0,24.2,3.1,7.3,.418,1.6,4.2,.385,1.4,3.1,.463,.529,1.2,1.4,.837,0.3,2.2,2.5,2.8,0.6,0.2,1.1,1.5,8.9
308,Paul Millsap\millspa01,PF,33,DEN,25,25,26.8,4.9,9.9,.498,0.9,2.2,.400,4.0,7.7,.526,.543,2.9,4.0,.727,2.1,4.9,7.0,2.0,1.4,1.1,1.6,2.6,13.6
309,Shake Milton\miltosh01,SG,22,PHI,8,0,5.5,1.1,2.3,.500,0.6,1.3,.500,0.5,1.0,.500,.639,0.3,0.3,1.000,0.4,0.4,0.8,0.8,0.4,0.1,0.0,0.8,3.1
310,Nikola Mirotic\mirotni01,PF,27,NOP,25,22,30.0,6.0,13.4,.452,2.5,7.2,.348,3.5,6.1,.575,.546,2.8,3.3,.841,1.6,7.6,9.2,1.0,0.8,0.6,1.2,2.4,17.4
311,Donovan Mitchell\mitchdo01,SG,22,UTA,31,31,32.4,7.5,18.4,.407,1.9,6.6,.291,5.5,11.7,.473,.460,3.3,4.2,.785,0.5,3.0,3.5,3.4,1.7,0.3,2.7,2.7,20.2
312,Naz Mitrou-Long\mitrona01,SG,25,UTA,1,0,4.0,0.0,1.0,.000,0.0,1.0,.000,0.0,0.0,,.000,0.0,0.0,,0.0,0.0,0.0,0.0,0.0,0.0,0.0,1.0,0.0
313,Malik Monk\monkma01,SG,20,CHO,30,0,19.3,3.6,9.4,.388,1.7,5.1,.333,1.9,4.3,.453,.479,1.6,1.8,.891,0.3,1.5,1.8,1.9,0.6,0.3,1.3,1.5,10.6
314,Greg Monroe\monrogr01,C,28,TOR,19,2,9.9,2.2,4.2,.513,0.0,0.2,.000,2.2,4.1,.532,.513,0.7,1.1,.619,1.6,2.0,3.6,0.3,0.4,0.0,0.7,1.3,5.0
315,E'Twaun Moore\mooreet01,SF,29,NOP,32,24,29.8,5.4,11.1,.485,1.4,3.5,.405,4.0,7.6,.520,.548,0.9,1.3,.707,0.8,1.6,2.4,2.2,0.8,0.2,1.1,2.6,13.1
316,Jaylen Morris\morrija01,SG,23,MIL,4,0,7.3,1.0,2.5,.400,0.3,0.8,.333,0.8,1.8,.429,.450,0.3,0.5,.500,0.0,1.3,1.3,1.0,0.5,0.0,0.3,0.3,2.5
317,Marcus Morris\morrima03,PF,29,BOS,30,13,27.2,5.4,10.9,.497,2.2,5.1,.431,3.2,5.8,.554,.598,2.0,2.3,.882,0.9,5.4,6.3,1.5,0.6,0.2,1.5,2.7,15.1
318,Markieff Morris\morrima02,PF,29,WAS,34,15,26.0,4.2,9.6,.436,1.4,4.2,.333,2.8,5.4,.516,.509,1.7,2.1,.781,1.2,3.9,5.1,1.8,0.7,0.6,1.4,3.4,11.5
319,Monte Morris\morrimo01,PG,23,DEN,32,1,25.0,4.3,8.8,.484,1.2,2.6,.458,3.1,6.2,.495,.552,0.7,0.9,.793,0.3,2.3,2.6,4.1,1.1,0.1,0.7,1.3,10.4
320,Emmanuel Mudiay\mudiaem01,PG,22,NYK,28,21,26.0,5.4,11.5,.464,1.1,3.5,.327,4.2,8.0,.524,.514,2.5,3.3,.742,0.6,2.4,3.0,3.6,0.8,0.4,2.0,1.9,14.3
321,Jamal Murray\murraja01,PG,21,DEN,32,31,34.3,6.7,15.9,.418,1.4,4.9,.285,5.3,11.0,.477,.462,2.7,3.1,.859,0.8,3.6,4.5,4.9,0.9,0.4,2.4,2.1,17.4
322,Dzanan Musa\musadz01,SG,19,BRK,7,0,3.7,0.9,2.0,.429,0.0,0.9,.000,0.9,1.1,.750,.429,0.0,0.3,.000,0.1,0.3,0.4,0.1,0.3,0.0,0.4,0.1,1.7
323,Mike Muscala\muscami01,PF,27,PHI,28,3,23.3,2.4,6.4,.376,1.6,4.7,.336,0.8,1.7,.489,.500,1.6,2.0,.818,1.1,3.4,4.6,1.4,0.3,0.6,0.9,2.5,8.0
324,Svi Mykhailiuk\mykhasv01,SF,21,LAL,21,0,10.8,1.1,3.3,.343,0.8,2.2,.370,0.3,1.1,.292,.464,0.3,0.6,.538,0.2,0.6,0.8,0.9,0.4,0.0,0.7,0.6,3.4
325,Abdel Nader\naderab01,SF,25,OKC,15,0,3.5,0.5,1.1,.438,0.0,0.3,.000,0.5,0.7,.636,.438,0.1,0.1,1.000,0.1,0.9,0.9,0.1,0.1,0.1,0.4,0.3,1.1
326,Larry Nance\nancela02,C,26,CLE,33,13,25.7,3.5,6.6,.530,0.4,1.0,.382,3.1,5.6,.557,.559,1.5,2.1,.706,2.3,5.3,7.5,3.1,1.4,0.7,1.3,3.0,8.9
327,Shabazz Napier\napiesh01,PG,27,BRK,25,0,14.3,2.2,5.9,.374,0.9,2.5,.365,1.3,3.4,.381,.452,1.7,2.0,.843,0.3,1.2,1.5,1.4,0.7,0.3,0.9,1.2,7.0
328,Raul Neto\netora01,PG,26,UTA,13,0,9.9,1.5,3.0,.513,0.4,1.2,.313,1.2,1.8,.652,.577,0.8,0.9,.917,0.2,0.9,1.1,2.1,0.5,0.0,0.9,0.8,4.3
329,Georges Niang\niangge01,PF,25,UTA,23,0,6.8,1.1,2.4,.464,0.7,1.7,.436,0.4,0.7,.529,.616,0.3,0.4,.889,0.1,1.0,1.2,0.6,0.2,0.0,0.3,0.9,3.3
330,Joakim Noah\noahjo01,C,33,MEM,9,0,14.0,1.9,3.9,.486,0.0,0.0,,1.9,3.9,.486,.486,1.1,1.9,.588,1.0,2.4,3.4,1.2,0.3,0.6,1.4,2.0,4.9
331,Nerlens Noel\noelne01,C,24,OKC,32,1,14.0,2.0,3.5,.575,0.0,0.0,,2.0,3.5,.575,.575,0.8,1.2,.711,1.8,2.9,4.8,0.5,0.9,1.5,0.7,2.4,4.9
332,Dirk Nowitzki\nowitdi01,PF,40,DAL,6,0,8.7,1.0,3.2,.316,0.3,1.3,.250,0.7,1.8,.364,.368,0.7,0.7,1.000,0.0,1.2,1.2,0.3,0.0,0.3,0.3,0.8,3.0
333,Frank Ntilikina\ntilila01,PG,20,NYK,31,14,22.1,2.4,6.8,.346,0.9,3.0,.290,1.5,3.8,.390,.410,0.7,0.8,.808,0.2,1.7,1.9,2.6,0.7,0.4,1.4,2.5,6.3
334,James Nunnally\nunnaja01,SF,28,MIN,11,0,5.4,0.8,1.9,.429,0.5,1.2,.385,0.4,0.7,.500,.548,0.4,0.4,1.000,0.0,0.4,0.4,0.5,0.1,0.0,0.1,0.4,2.5
335,Jusuf Nurkic\nurkiju01,C,24,POR,34,34,26.6,5.2,10.9,.482,0.1,0.7,.130,5.1,10.2,.506,.486,3.4,4.5,.740,3.7,6.5,10.2,2.7,1.1,1.3,2.1,3.2,13.9
336,David Nwaba\nwabada01,SG,26,CLE,21,6,16.4,2.0,4.7,.424,0.4,1.7,.257,1.6,3.0,.516,.470,1.5,2.4,.640,0.5,2.3,2.8,0.7,0.6,0.3,0.4,1.7,6.0
337,Royce O'Neale\onealro01,SF,25,UTA,35,3,16.3,1.6,3.7,.445,0.5,1.4,.354,1.1,2.3,.500,.512,0.3,0.5,.667,0.3,2.5,2.8,1.3,0.5,0.1,0.9,1.7,4.1
338,Kyle O'Quinn\oquinky01,C,28,IND,16,0,6.6,1.2,2.5,.475,0.0,0.3,.000,1.2,2.3,.528,.475,0.4,0.4,1.000,0.8,1.7,2.4,1.2,0.2,0.5,0.5,1.2,2.8
339,Semi Ojeleye\ojelese01,PF,24,BOS,24,2,11.6,1.4,3.5,.405,0.6,2.0,.286,0.8,1.5,.571,.488,0.4,0.6,.667,0.5,1.4,1.9,0.2,0.2,0.0,0.4,0.8,3.8
340,Jahlil Okafor\okafoja01,C,23,NOP,17,2,7.7,1.8,3.4,.544,0.0,0.0,,1.8,3.4,.544,.544,0.8,1.1,.778,1.0,1.2,2.2,0.1,0.1,0.2,0.4,1.3,4.5
341,Elie Okobo\okoboel01,PG,21,PHO,19,4,20.0,2.7,6.9,.389,0.7,2.7,.275,1.9,4.2,.463,.443,0.7,0.7,.929,0.3,1.8,2.1,2.4,0.8,0.2,1.4,2.6,6.8
342,Josh Okogie\okogijo01,SG,20,MIN,26,7,19.3,2.4,6.2,.383,0.7,2.5,.273,1.7,3.7,.458,.438,1.2,1.7,.711,0.7,2.3,3.0,1.0,0.8,0.4,0.8,1.8,6.7
343,Victor Oladipo\oladivi01,SG,26,IND,24,24,32.9,7.3,17.0,.432,2.3,6.4,.351,5.1,10.5,.482,.499,3.1,4.3,.728,0.5,5.9,6.4,5.3,1.7,0.4,2.5,1.9,20.0
344,Kelly Olynyk\olynyke01,PF,27,MIA,32,5,20.8,3.0,6.8,.438,1.5,4.4,.333,1.5,2.4,.628,.546,2.3,2.8,.800,1.0,3.4,4.4,2.0,0.8,0.4,1.3,2.4,9.7
345,Cedi Osman\osmande01,SF,23,CLE,33,32,31.9,4.1,10.6,.386,1.4,4.6,.296,2.7,6.0,.455,.450,1.8,2.3,.792,0.6,4.5,5.0,2.2,0.6,0.2,1.6,2.4,11.4
346,Kelly Oubre\oubreke01,SF,23,TOT,33,7,26.5,4.5,10.5,.431,1.5,4.6,.331,3.0,6.0,.508,.503,2.5,3.1,.812,0.8,3.6,4.4,0.8,0.9,0.7,1.1,2.4,13.1
346,Kelly Oubre\oubreke01,SF,23,WAS,29,7,26.0,4.6,10.5,.433,1.4,4.6,.311,3.1,6.0,.526,.500,2.3,2.9,.800,0.8,3.6,4.4,0.7,0.9,0.7,1.0,2.4,12.9
346,Kelly Oubre\oubreke01,SF,23,PHO,4,0,29.8,4.5,10.8,.419,2.3,4.8,.474,2.3,6.0,.375,.523,3.5,4.0,.875,0.3,3.5,3.8,1.5,0.8,1.0,1.5,2.0,14.8
347,Zaza Pachulia\pachuza01,C,34,DET,30,0,12.6,1.3,3.1,.409,0.0,0.1,.000,1.3,3.0,.422,.409,1.7,2.3,.750,1.7,2.6,4.3,1.4,0.7,0.2,0.7,2.1,4.2
348,Jabari Parker\parkeja01,PF,23,CHI,29,17,30.1,6.1,13.3,.455,0.9,3.2,.293,5.1,10.2,.505,.490,2.2,3.0,.724,1.2,5.7,6.9,2.3,0.6,0.3,2.6,2.3,15.2
349,Tony Parker\parketo01,PG,36,CHO,30,0,19.2,3.8,8.6,.440,0.3,0.9,.286,3.5,7.7,.459,.456,1.8,2.6,.688,0.2,1.4,1.6,4.1,0.5,0.1,1.3,0.8,9.6
350,Chandler Parsons\parsoch01,SF,30,MEM,3,3,15.3,2.3,5.7,.412,1.0,3.3,.300,1.3,2.3,.571,.500,0.0,0.0,,0.3,1.0,1.3,0.7,0.3,0.3,0.7,2.3,5.7
351,Patrick Patterson\pattepa01,PF,29,OKC,33,3,14.9,1.3,4.1,.328,0.8,2.5,.298,0.6,1.5,.380,.422,0.5,0.8,.640,0.7,1.8,2.5,0.5,0.4,0.2,0.3,0.8,3.9
352,Chris Paul\paulch01,PG,33,HOU,26,26,33.2,5.3,12.7,.415,2.0,5.8,.353,3.2,6.9,.467,.495,3.0,3.7,.813,0.6,3.4,4.0,8.0,2.1,0.3,3.0,2.6,15.6
353,Cameron Payne\payneca01,PG,24,CHI,30,12,17.7,2.3,5.6,.413,0.5,2.0,.271,1.8,3.6,.491,.461,0.7,0.8,.880,0.3,1.4,1.7,2.7,0.7,0.2,1.1,1.6,5.9
354,Elfrid Payton\paytoel01,PG,24,NOP,6,6,25.3,4.0,8.5,.471,0.5,1.2,.429,3.5,7.3,.477,.500,1.2,1.8,.636,1.2,4.0,5.2,5.3,0.8,0.2,2.0,2.7,9.7
355,Theo Pinson\pinsoth01,SG,23,BRK,4,0,4.0,0.0,1.0,.000,0.0,0.8,.000,0.0,0.3,.000,.000,0.5,0.5,1.000,0.0,0.3,0.3,1.0,0.0,0.0,0.0,0.0,0.5
356,Mason Plumlee\plumlma01,C,28,DEN,32,6,19.6,3.0,5.3,.577,0.0,0.1,.333,3.0,5.2,.582,.580,1.2,2.5,.457,2.1,3.6,5.7,2.2,1.1,0.9,1.5,3.3,7.3
357,Miles Plumlee\plumlmi01,C,30,ATL,16,0,9.7,1.9,2.8,.682,0.0,0.0,,1.9,2.8,.682,.682,1.0,1.8,.571,1.0,1.3,2.3,0.9,0.4,0.3,0.6,0.8,4.8
358,Jakob Poeltl\poeltja01,C,23,SAS,31,3,15.3,2.5,4.1,.627,0.0,0.0,,2.5,4.1,.627,.627,0.9,1.3,.675,2.2,2.9,5.1,1.1,0.2,0.7,0.7,1.4,6.0
359,Quincy Pondexter\pondequ01,SF,30,SAS,27,0,6.3,0.6,1.2,.515,0.2,0.5,.385,0.4,0.7,.600,.591,0.9,1.1,.806,0.2,1.0,1.1,0.5,0.3,0.0,0.3,0.6,2.4
360,Otto Porter\porteot01,SF,25,WAS,25,25,29.5,4.6,9.5,.487,1.4,3.8,.368,3.2,5.7,.566,.561,1.0,1.3,.781,1.0,4.7,5.6,2.0,1.5,0.6,0.9,1.5,11.7
361,Bobby Portis\portibo01,PF,23,CHI,9,4,24.4,4.8,11.6,.413,0.7,2.7,.250,4.1,8.9,.463,.442,1.7,2.4,.682,1.4,6.6,8.0,1.2,0.4,0.8,1.4,2.7,11.9
362,Dwight Powell\poweldw01,C,27,DAL,29,0,16.4,3.0,5.3,.571,0.3,1.6,.170,2.8,3.7,.748,.597,2.3,3.0,.773,1.2,2.8,4.0,1.0,0.5,0.6,0.9,2.8,8.7
363,Norman Powell\powelno01,SG,25,TOR,15,2,16.4,2.1,4.3,.492,0.8,2.2,.364,1.3,2.1,.625,.585,0.7,0.9,.769,0.1,1.9,2.1,1.2,0.5,0.1,0.9,1.5,5.7
364,Alex Poythress\poythal01,PF,25,ATL,15,1,13.4,1.7,3.3,.520,0.3,0.9,.357,1.4,2.4,.583,.570,0.5,1.1,.471,1.4,1.9,3.3,0.7,0.2,0.4,0.5,2.2,4.3
365,Zhou Qi\qizh01,PF,23,HOU,1,0,1.0,1.0,1.0,1.000,0.0,0.0,,1.0,1.0,1.000,1.000,0.0,0.0,,0.0,0.0,0.0,0.0,0.0,0.0,0.0,0.0,2.0
366,Ivan Rabb\rabbiv01,PF,21,MEM,12,0,6.9,1.2,1.9,.609,0.0,0.2,.000,1.2,1.8,.667,.609,0.4,0.6,.714,1.0,1.8,2.8,0.8,0.1,0.2,0.8,1.3,2.8
367,Chasson Randle\randlch01,PG,25,WAS,5,0,14.2,1.4,3.8,.368,1.0,2.2,.455,0.4,1.6,.250,.500,2.2,2.8,.786,0.2,0.4,0.6,2.0,0.8,0.2,1.0,1.6,6.0
368,Julius Randle\randlju01,C,24,NOP,34,14,28.2,7.1,13.1,.544,0.6,1.8,.328,6.6,11.4,.578,.566,4.5,6.4,.708,2.2,7.0,9.3,2.7,0.6,0.6,2.5,3.5,19.4
369,J.J. Redick\redicjj01,SG,34,PHI,35,22,30.8,6.2,14.1,.438,2.7,7.6,.361,3.4,6.5,.529,.535,3.0,3.3,.904,0.2,2.1,2.3,2.9,0.2,0.2,1.4,2.1,18.1
370,Davon Reed\reedda01,SG,23,IND,3,0,2.0,0.0,0.0,,0.0,0.0,,0.0,0.0,,,0.0,0.0,,0.0,0.0,0.0,0.0,0.0,0.0,0.0,0.3,0.0
371,Josh Richardson\richajo01,SG,25,MIA,32,32,35.1,6.4,15.8,.409,2.6,6.8,.385,3.8,8.9,.427,.492,3.0,3.5,.848,0.9,3.2,4.0,3.7,1.2,0.5,2.0,3.0,18.5
372,Malachi Richardson\richama01,SG,23,TOR,18,0,5.1,0.4,1.4,.320,0.4,1.2,.333,0.1,0.2,.250,.460,0.1,0.2,.667,0.1,0.6,0.7,0.0,0.1,0.0,0.4,0.7,1.4
373,Austin Rivers\riverau01,SG-PG,26,TOT,30,2,23.8,2.6,6.7,.395,1.2,3.6,.321,1.5,3.0,.484,.483,0.9,1.7,.540,0.4,2.1,2.4,2.0,0.6,0.3,1.2,2.6,7.3
373,Austin Rivers\riverau01,SG,26,WAS,29,2,23.6,2.6,6.7,.392,1.1,3.7,.311,1.5,3.0,.489,.477,0.9,1.6,.543,0.4,2.1,2.4,2.0,0.6,0.3,1.2,2.5,7.2
373,Austin Rivers\riverau01,PG,26,HOU,1,0,31.0,3.0,6.0,.500,2.0,3.0,.667,1.0,3.0,.333,.667,2.0,4.0,.500,0.0,2.0,2.0,1.0,0.0,0.0,0.0,5.0,10.0
374,Devin Robinson\robinde01,SF,23,WAS,2,0,9.0,2.0,3.5,.571,0.0,0.0,,2.0,3.5,.571,.571,1.0,1.5,.667,1.0,2.0,3.0,0.5,1.0,0.5,0.0,1.0,5.0
375,Duncan Robinson\robindu01,PF,24,MIA,4,0,7.3,0.5,1.5,.333,0.5,1.5,.333,0.0,0.0,,.500,0.0,0.0,,0.0,1.3,1.3,0.0,0.3,0.0,0.0,0.3,1.5
376,Glenn Robinson\robingl02,SF,25,DET,24,16,16.0,1.7,4.4,.387,0.5,1.5,.297,1.3,2.9,.435,.439,0.9,1.1,.846,0.3,1.2,1.5,0.5,0.3,0.2,0.5,1.0,4.8
377,Jerome Robinson\robinje01,SG,21,LAC,8,0,5.0,1.1,2.3,.500,0.6,1.1,.556,0.5,1.1,.444,.639,0.0,0.0,,0.0,0.4,0.4,0.1,0.0,0.0,0.1,0.8,2.9
378,Mitchell Robinson\robinmi01,C,20,NYK,28,12,17.2,2.0,3.2,.640,0.0,0.0,,2.0,3.2,.640,.640,0.6,1.1,.531,2.1,1.8,3.9,0.6,0.7,1.8,0.6,3.2,4.7
379,Rajon Rondo\rondora01,PG,32,LAL,14,2,24.4,3.6,7.9,.450,0.7,2.0,.357,2.9,5.9,.482,.495,0.6,0.9,.615,0.8,3.6,4.4,6.7,1.0,0.0,2.1,2.1,8.4
380,Derrick Rose\rosede01,PG,30,MIN,31,10,29.5,7.3,14.9,.489,1.5,3.3,.455,5.8,11.6,.499,.539,2.6,3.1,.844,0.6,2.2,2.8,4.7,0.7,0.3,1.8,1.2,18.7
381,Terrence Ross\rosste01,SG,27,ORL,33,0,26.0,5.0,11.5,.436,2.1,5.4,.391,2.9,6.1,.475,.528,1.2,1.5,.820,0.2,2.5,2.8,1.5,0.9,0.4,1.1,1.8,13.4
382,Terry Rozier\roziete01,PG,24,BOS,33,2,23.1,3.1,8.2,.378,1.4,3.9,.354,1.7,4.2,.400,.463,1.0,1.3,.762,0.5,3.7,4.1,2.6,0.8,0.3,0.8,1.6,8.5
383,Ricky Rubio\rubiori01,PG,28,UTA,35,35,29.9,4.5,11.3,.400,1.4,4.2,.340,3.1,7.1,.435,.463,2.4,2.9,.842,0.3,3.3,3.6,6.4,1.5,0.2,3.2,2.8,12.9
384,D'Angelo Russell\russeda01,PG,22,BRK,36,36,29.1,6.9,16.6,.414,2.4,6.7,.358,4.5,9.9,.452,.487,1.4,1.8,.769,0.5,3.3,3.8,6.2,1.2,0.3,2.9,1.7,17.5
385,Domantas Sabonis\sabondo01,C,22,IND,33,1,24.7,5.7,9.1,.627,0.2,0.2,.833,5.5,8.9,.622,.635,2.8,3.8,.742,2.6,7.0,9.6,2.9,0.6,0.6,2.5,3.2,14.3
386,Dario Saric\saricda01,PF,24,TOT,33,14,26.4,3.9,9.1,.435,1.5,4.4,.336,2.5,4.6,.529,.517,1.7,1.9,.905,1.5,4.7,6.2,1.8,0.5,0.2,1.4,2.3,11.1
386,Dario Saric\saricda01,PF,24,PHI,13,13,30.5,3.7,10.2,.364,1.6,5.4,.300,2.1,4.8,.435,.443,2.1,2.3,.900,1.6,5.0,6.6,2.0,0.3,0.2,1.9,3.0,11.1
386,Dario Saric\saricda01,PF,24,MIN,20,1,23.8,4.1,8.4,.491,1.4,3.8,.368,2.7,4.6,.593,.575,1.5,1.7,.909,1.4,4.5,5.9,1.7,0.6,0.1,1.1,1.9,11.1
387,Tomas Satoransky\satorto01,SG,27,WAS,35,9,19.7,2.2,4.3,.500,0.5,1.3,.383,1.7,3.0,.552,.559,1.2,1.4,.875,0.6,1.4,2.0,2.9,0.8,0.2,0.9,1.9,6.1
388,Dennis Schroder\schrode01,PG,25,OKC,32,9,29.3,6.1,14.4,.422,1.3,4.1,.328,4.7,10.3,.459,.468,2.5,2.9,.851,0.5,3.4,3.9,4.6,1.0,0.2,2.8,2.4,16.0
389,Mike Scott\scottmi01,PF,30,LAC,34,0,15.4,1.9,4.6,.399,1.0,2.7,.385,0.8,2.0,.418,.509,0.2,0.3,.800,0.5,3.2,3.8,0.9,0.4,0.2,0.6,1.7,5.0
390,Thabo Sefolosha\sefolth01,SF,34,UTA,21,0,10.5,1.0,2.0,.512,0.5,1.0,.500,0.5,1.0,.524,.634,0.3,0.5,.600,0.1,2.3,2.4,0.4,0.7,0.0,0.6,0.9,2.8
391,Wayne Selden\seldewa01,SG,24,MEM,29,0,15.1,2.1,5.3,.394,0.7,2.1,.323,1.4,3.2,.441,.458,0.7,0.9,.760,0.5,0.9,1.4,1.2,0.3,0.2,0.8,1.6,5.6
392,Collin Sexton\sextoco01,PG,20,CLE,35,25,29.8,6.0,14.0,.429,0.7,1.9,.373,5.3,12.1,.438,.455,2.1,2.4,.882,0.7,2.4,3.1,2.6,0.5,0.1,2.3,2.6,14.9
393,Landry Shamet\shamela01,SG,21,PHI,35,2,20.5,2.7,6.2,.440,1.8,4.4,.406,0.9,1.7,.525,.586,0.8,1.0,.800,0.2,1.2,1.4,0.9,0.4,0.1,0.5,1.8,8.0
394,Iman Shumpert\shumpim01,SG,28,SAC,27,25,25.4,3.3,7.7,.426,1.9,4.8,.385,1.4,2.9,.494,.545,1.0,1.1,.867,0.4,2.6,3.0,1.8,1.1,0.3,0.9,2.4,9.4
395,Pascal Siakam\siakapa01,PF,24,TOR,35,34,30.6,5.8,9.9,.586,0.7,2.1,.333,5.1,7.9,.652,.621,2.3,3.0,.779,1.4,5.0,6.4,2.7,1.1,0.7,1.7,2.9,14.7
396,Ben Simmons\simmobe01,PG,22,PHI,34,34,33.3,6.5,11.1,.582,0.0,0.0,,6.5,11.1,.582,.582,3.1,5.1,.594,2.1,7.2,9.3,7.9,1.3,0.8,3.3,2.7,16.0
397,Jonathon Simmons\simmojo02,SG,29,ORL,30,7,21.4,2.7,7.1,.383,0.5,2.1,.242,2.2,5.1,.441,.418,1.6,1.9,.828,0.5,1.8,2.3,2.0,0.5,0.4,1.4,1.6,7.6
398,Anfernee Simons\simonan01,SG,19,POR,5,0,6.8,1.0,3.0,.333,0.0,1.0,.000,1.0,2.0,.500,.333,0.2,0.8,.250,0.0,1.0,1.0,0.2,0.0,0.0,0.6,0.2,2.2
399,Marcus Smart\smartma01,SG,24,BOS,33,13,25.8,2.3,6.0,.379,1.2,3.6,.333,1.1,2.4,.449,.480,1.5,1.8,.787,0.8,2.0,2.9,4.2,1.8,0.4,1.3,2.6,7.2
400,Dennis Smith\smithde03,PG,21,DAL,21,21,28.4,5.0,11.3,.437,1.3,3.8,.354,3.6,7.6,.478,.496,1.8,2.7,.667,0.6,2.4,3.0,4.0,1.3,0.5,3.3,2.6,13.0
401,Ish Smith\smithis01,PG,30,DET,22,0,24.4,3.9,9.3,.415,1.1,3.5,.329,2.7,5.9,.465,.476,0.4,0.5,.667,0.0,1.9,1.9,3.0,0.5,0.3,1.1,2.4,9.2
402,J.R. Smith\smithjr01,SG,33,CLE,11,4,20.2,2.5,7.2,.342,1.1,3.5,.308,1.4,3.6,.375,.418,0.7,0.9,.800,0.0,1.6,1.6,1.9,1.0,0.3,1.0,1.7,6.7
403,Jason Smith\smithja02,C-PF,32,TOT,13,1,10.4,1.2,3.1,.375,0.3,0.8,.364,0.8,2.2,.379,.425,0.8,0.9,.833,1.1,2.1,3.2,0.9,0.1,0.4,0.6,1.7,3.4
403,Jason Smith\smithja02,C,32,WAS,12,1,10.8,1.3,3.1,.405,0.3,0.8,.400,0.9,2.3,.407,.459,0.8,1.0,.833,0.9,2.2,3.1,1.0,0.1,0.4,0.6,1.8,3.7
403,Jason Smith\smithja02,PF,32,MIL,1,0,5.0,0.0,3.0,.000,0.0,1.0,.000,0.0,2.0,.000,.000,0.0,0.0,,3.0,1.0,4.0,0.0,0.0,0.0,1.0,1.0,0.0
404,Tony Snell\snellto01,SG,27,MIL,33,4,17.8,2.3,5.2,.450,1.2,3.2,.387,1.1,2.0,.554,.570,0.8,0.9,.897,0.4,1.7,2.1,0.8,0.4,0.2,0.4,1.2,6.7
405,Ray Spalding\spaldra01,PF,21,DAL,1,0,1.0,0.0,0.0,,0.0,0.0,,0.0,0.0,,,0.0,0.0,,0.0,0.0,0.0,0.0,0.0,0.0,0.0,0.0,0.0
406,Omari Spellman\spellom01,PF,21,ATL,23,8,17.7,2.2,5.6,.388,0.9,2.7,.323,1.3,2.9,.448,.465,1.0,1.3,.767,1.8,2.5,4.3,1.0,0.7,0.6,0.7,1.5,6.2
407,Nik Stauskas\stausni01,SG,25,POR,34,0,16.4,2.3,5.5,.420,1.0,2.9,.330,1.4,2.6,.523,.508,0.9,1.0,.909,0.3,1.5,1.8,1.6,0.3,0.1,1.0,0.8,6.5
408,D.J. Stephens\stephdj01,SG,28,MEM,1,0,7.0,1.0,2.0,.500,0.0,0.0,,1.0,2.0,.500,.500,0.0,0.0,,0.0,0.0,0.0,0.0,1.0,0.0,1.0,0.0,2.0
409,Lance Stephenson\stephla01,SG,28,LAL,33,0,14.6,2.9,6.5,.451,1.1,2.6,.402,1.9,3.9,.484,.533,0.5,0.7,.750,0.5,2.6,3.1,1.7,0.7,0.1,1.2,1.5,7.5
410,Edmond Sumner\sumneed01,PG,23,IND,7,0,4.0,0.3,1.0,.286,0.1,0.4,.333,0.1,0.6,.250,.357,0.0,0.3,.000,0.3,0.1,0.4,0.1,0.1,0.0,0.4,0.6,0.7
411,Caleb Swanigan\swanica01,PF,21,POR,14,0,8.7,0.8,2.6,.306,0.1,0.3,.250,0.7,2.3,.313,.319,0.3,0.4,.800,0.8,2.3,3.1,0.4,0.3,0.0,1.0,1.2,1.9
412,Jayson Tatum\tatumja01,SF,20,BOS,33,33,31.3,6.2,13.5,.456,1.8,4.7,.385,4.4,8.8,.495,.523,2.8,3.3,.845,1.1,5.4,6.5,1.6,1.1,0.7,1.6,2.2,17.0
413,Jeff Teague\teaguje01,PG,30,MIN,23,23,31.5,3.7,9.7,.384,0.8,2.7,.311,2.9,7.1,.411,.426,3.3,3.8,.864,0.3,2.0,2.3,8.3,1.0,0.5,2.3,2.3,11.6
414,Garrett Temple\templga01,SG,32,MEM,34,34,31.9,3.8,8.1,.462,1.7,4.3,.388,2.1,3.8,.546,.565,1.5,1.9,.797,0.4,2.9,3.2,1.4,1.1,0.5,1.1,2.9,10.7
415,Milos Teodosic\teodomi01,PG,31,LAC,15,0,10.0,1.1,2.7,.425,0.7,1.8,.370,0.5,0.9,.538,.550,0.3,0.5,.571,0.2,0.9,1.1,2.1,0.2,0.1,1.4,1.8,3.2
416,Jared Terrell\terreja01,SG,23,MIN,1,0,21.0,1.0,8.0,.125,1.0,2.0,.500,0.0,6.0,.000,.188,1.0,2.0,.500,0.0,1.0,1.0,1.0,2.0,1.0,2.0,2.0,4.0
417,Daniel Theis\theisda01,C,26,BOS,23,2,15.7,2.9,5.2,.555,0.6,1.4,.406,2.3,3.8,.609,.609,0.8,1.2,.679,1.5,2.4,3.9,1.0,0.3,0.5,0.8,3.1,7.1
418,Khyri Thomas\thomakh01,SG,22,DET,5,0,5.4,0.6,1.8,.333,0.4,1.2,.333,0.2,0.6,.333,.444,0.2,0.4,.500,0.4,1.0,1.4,0.6,0.0,0.0,0.4,0.2,1.8
419,Lance Thomas\thomala01,PF,30,NYK,15,5,15.7,1.3,3.5,.358,0.3,1.4,.238,0.9,2.1,.438,.406,0.7,0.9,.846,0.5,2.0,2.5,0.5,0.7,0.2,0.7,2.1,3.6
420,Klay Thompson\thompkl01,SG,28,GSW,35,35,34.6,8.2,18.7,.440,2.5,7.4,.337,5.7,11.3,.506,.506,2.1,2.5,.830,0.3,3.7,4.1,2.1,1.1,0.7,1.8,2.0,21.0
421,Tristan Thompson\thomptr01,C,27,CLE,27,27,30.3,5.2,9.5,.551,0.0,0.0,,5.2,9.5,.551,.551,1.5,2.5,.612,5.0,6.6,11.6,2.1,0.8,0.4,1.5,2.3,12.0
422,Sindarius Thornwell\thornsi01,SG,24,LAC,19,0,5.9,0.4,1.1,.400,0.1,0.4,.143,0.4,0.7,.538,.425,0.2,0.2,1.000,0.1,1.1,1.1,0.5,0.1,0.1,0.5,1.1,1.1
423,Anthony Tolliver\tollian01,PF,33,MIN,22,0,13.7,1.3,3.1,.420,1.0,2.7,.383,0.3,0.4,.667,.587,0.5,0.7,.688,0.3,1.6,2.0,0.6,0.3,0.4,0.5,1.5,4.2
424,Karl-Anthony Towns\townska01,C,23,MIN,34,34,33.3,7.5,15.5,.487,1.8,4.6,.387,5.8,10.9,.528,.544,4.1,4.8,.852,3.0,8.6,11.6,2.7,0.9,1.7,3.1,3.6,20.9
425,Gary Trent\trentga02,SG,20,POR,3,0,6.7,1.3,4.3,.308,0.7,1.7,.400,0.7,2.7,.250,.385,0.0,0.7,.000,0.0,1.3,1.3,0.0,0.0,0.0,0.3,0.3,3.3
426,Allonzo Trier\trieral01,SG,23,NYK,28,3,23.0,3.8,8.2,.467,0.6,1.7,.375,3.2,6.5,.492,.507,2.9,3.6,.800,0.6,2.5,3.1,1.8,0.4,0.4,1.9,1.6,11.1
427,P.J. Tucker\tuckepj01,PF,33,HOU,33,33,35.0,3.0,6.8,.438,2.0,4.8,.413,1.0,1.9,.500,.585,0.4,0.6,.571,1.5,5.0,6.5,1.0,1.2,0.3,0.9,3.1,8.3
428,Evan Turner\turneev01,PG,30,POR,33,0,25.3,3.5,7.5,.462,0.1,0.9,.133,3.4,6.6,.507,.470,1.0,1.5,.680,0.7,4.3,4.9,4.1,0.6,0.4,1.9,2.0,8.1
429,Myles Turner\turnemy01,C,22,IND,34,34,28.1,5.3,10.7,.493,0.6,1.8,.361,4.6,8.9,.520,.523,1.6,2.2,.716,1.5,5.9,7.4,1.7,0.4,2.8,1.7,2.7,12.7
430,Ekpe Udoh\udohek01,C,31,UTA,22,0,5.7,0.8,0.9,.850,0.0,0.0,,0.8,0.9,.850,.850,0.2,0.5,.500,0.2,1.0,1.2,0.4,0.1,0.5,0.3,0.8,1.8
431,Tyler Ulis\ulisty01,PG,23,CHI,1,0,1.0,0.0,0.0,,0.0,0.0,,0.0,0.0,,,0.0,0.0,,0.0,0.0,0.0,0.0,0.0,0.0,0.0,0.0,0.0
432,Jonas Valanciunas\valanjo01,C,26,TOR,30,10,18.8,5.0,8.6,.575,0.3,1.0,.300,4.7,7.6,.611,.593,2.6,3.1,.819,1.8,5.4,7.2,1.0,0.4,0.8,1.3,2.7,12.8
433,Fred VanVleet\vanvlfr01,PG,24,TOR,31,9,26.0,3.7,9.0,.416,1.6,4.4,.368,2.1,4.6,.462,.505,1.1,1.4,.786,0.4,2.0,2.4,4.4,1.0,0.2,1.3,1.6,10.2
434,Noah Vonleh\vonleno01,PF,23,NYK,35,28,26.8,3.0,6.3,.471,0.8,2.0,.380,2.2,4.3,.513,.532,1.7,2.3,.716,1.9,6.6,8.4,2.2,0.7,0.9,1.3,2.7,8.4
435,Nikola Vucevic\vucevni01,C,28,ORL,32,32,31.2,8.3,16.0,.523,1.2,3.1,.390,7.1,12.8,.555,.561,2.3,2.8,.818,2.6,9.2,11.8,3.6,1.0,1.1,2.1,2.0,20.2
436,Dwyane Wade\wadedw01,SG,37,MIA,25,0,25.4,5.1,12.7,.404,1.4,4.3,.333,3.7,8.4,.440,.461,2.4,3.4,.702,1.0,2.6,3.5,3.8,0.6,0.5,2.2,1.6,14.0
437,Moritz Wagner\wagnemo01,C,21,LAL,10,0,5.8,1.1,2.8,.393,0.6,1.3,.462,0.5,1.5,.333,.500,0.3,0.6,.500,0.3,1.1,1.4,0.7,0.1,0.0,0.4,0.9,3.1
438,Kemba Walker\walkeke02,PG,28,CHO,33,33,34.9,8.5,19.8,.429,3.2,9.2,.352,5.3,10.6,.496,.511,4.9,5.9,.830,0.4,3.9,4.4,6.2,1.4,0.5,2.5,1.6,25.2
439,John Wall\walljo01,PG,28,WAS,32,32,34.5,7.7,17.3,.444,1.6,5.3,.302,6.1,12.0,.507,.490,3.8,5.5,.697,0.5,3.2,3.6,8.7,1.5,0.9,3.8,2.2,20.7
440,Tyrone Wallace\wallaty01,PG,24,LAC,24,0,9.0,1.7,3.7,.455,0.0,0.3,.000,1.7,3.4,.494,.455,0.4,0.9,.476,0.4,1.0,1.4,0.5,0.3,0.1,0.4,1.2,3.8
441,Taurean Waller-Prince\princta02,SF,24,ATL,21,20,28.7,5.2,12.1,.431,2.4,6.6,.367,2.8,5.5,.509,.531,2.1,2.6,.833,0.3,3.7,4.0,2.3,1.1,0.3,2.6,3.0,15.0
442,Brad Wanamaker\wanambr01,PG,29,BOS,13,0,7.4,1.0,2.2,.448,0.3,0.8,.364,0.7,1.4,.500,.517,0.4,0.5,.833,0.0,0.8,0.8,1.4,0.2,0.0,0.6,0.3,2.7
443,T.J. Warren\warretj01,SF,25,PHO,29,22,30.9,7.1,14.2,.501,1.9,4.2,.439,5.2,9.9,.528,.567,2.4,3.0,.826,0.8,3.4,4.2,1.4,1.0,0.8,1.1,2.8,18.5
444,Yuta Watanabe\watanyu01,SG,24,MEM,3,0,5.3,0.3,1.0,.333,0.0,0.3,.000,0.3,0.7,.500,.333,0.7,0.7,1.000,0.0,1.7,1.7,0.0,0.0,0.3,0.3,0.0,1.3
445,Thomas Welsh\welshth01,C,22,DEN,8,0,3.1,0.6,1.3,.500,0.4,0.9,.429,0.3,0.4,.667,.650,0.0,0.0,,0.0,0.4,0.4,0.4,0.0,0.0,0.1,0.1,1.6
446,Russell Westbrook\westbru01,PG,30,OKC,25,25,34.3,7.8,18.6,.422,1.2,4.7,.248,6.7,13.9,.480,.453,3.4,5.6,.612,1.4,9.3,10.7,10.2,2.7,0.2,4.6,3.6,20.2
447,Derrick White\whitede01,PG,24,SAS,26,14,21.7,2.4,6.0,.401,0.4,1.7,.256,2.0,4.4,.456,.436,0.7,0.8,.810,0.3,2.4,2.7,3.5,0.8,0.3,1.5,1.6,5.9
448,Okaro White\whiteok01,PF,26,WAS,3,0,2.0,0.0,0.7,.000,0.0,0.7,.000,0.0,0.0,,.000,0.0,0.0,,0.3,0.3,0.7,0.0,0.0,0.0,0.0,0.0,0.0
449,Hassan Whiteside\whiteha01,C,29,MIA,28,28,26.6,5.6,10.9,.518,0.1,0.5,.154,5.6,10.4,.534,.521,1.9,4.4,.434,4.0,9.1,13.1,0.9,0.6,2.6,1.7,3.0,13.3
450,Andrew Wiggins\wiggian01,SF,23,MIN,30,30,33.2,6.1,15.2,.402,1.7,4.8,.359,4.4,10.3,.423,.459,2.7,3.6,.750,0.8,3.3,4.1,2.2,1.2,0.5,1.8,2.0,16.6
451,C.J. Williams\willicj01,SG,28,MIN,6,0,8.8,0.8,2.3,.357,0.0,1.0,.000,0.8,1.3,.625,.357,0.0,0.0,,0.0,0.3,0.3,0.5,0.2,0.0,0.5,1.7,1.7
452,Johnathan Williams\willijo04,C,23,LAL,6,0,14.2,1.8,3.2,.579,0.0,0.0,,1.8,3.2,.579,.579,0.2,0.8,.200,1.8,1.7,3.5,0.7,0.2,0.5,0.3,3.2,3.8
453,Kenrich Williams\willike04,SF,24,NOP,9,0,5.4,0.6,1.6,.357,0.1,0.3,.333,0.4,1.2,.364,.393,0.0,0.0,,0.2,0.9,1.1,0.0,0.1,0.0,0.2,1.0,1.2
454,Lou Williams\willilo02,SG,32,LAC,30,0,24.8,5.7,13.6,.417,1.3,3.4,.369,4.4,10.2,.433,.463,5.0,5.4,.920,0.5,1.9,2.4,4.9,0.6,0.1,2.5,0.9,17.6
455,Marvin Williams\willima02,PF,32,CHO,32,32,26.8,3.5,8.1,.429,1.9,4.9,.380,1.6,3.2,.505,.544,0.8,1.2,.684,0.8,4.8,5.6,1.0,0.8,0.8,0.5,2.2,9.6
456,Robert Williams\williro04,C,21,BOS,16,0,8.9,1.3,1.8,.750,0.0,0.0,,1.3,1.8,.750,.750,0.4,0.6,.600,1.1,1.7,2.8,0.1,0.2,1.6,0.4,0.9,3.0
457,Troy Williams\willitr02,SF,24,SAC,18,0,15.9,2.2,4.8,.460,0.8,2.3,.341,1.4,2.6,.565,.540,0.5,0.8,.600,0.5,2.6,3.1,0.6,0.6,0.4,0.4,1.9,5.7
458,D.J. Wilson\wilsodj01,PF,22,MIL,7,0,17.7,2.4,4.9,.500,1.1,2.4,.471,1.3,2.4,.529,.618,0.6,1.4,.400,1.1,3.1,4.3,0.4,0.4,0.4,0.3,2.6,6.6
459,Justise Winslow\winslju01,PF,22,MIA,28,15,28.3,4.2,10.1,.415,1.4,3.6,.390,2.8,6.5,.429,.484,1.4,2.1,.667,1.0,4.0,5.0,3.6,1.0,0.3,2.1,2.5,11.2
460,Christian Wood\woodch01,PF,23,MIL,6,0,6.2,1.5,2.8,.529,0.3,0.7,.500,1.2,2.2,.538,.588,0.8,1.0,.833,0.7,2.0,2.7,0.3,0.0,0.0,0.3,0.3,4.2
461,Delon Wright\wrighde01,PG,26,TOR,31,2,17.7,2.4,5.5,.427,0.6,1.9,.328,1.7,3.6,.478,.482,0.8,0.9,.893,0.8,1.8,2.6,2.0,0.7,0.3,0.8,0.9,6.1
462,Guerschon Yabusele\yabusgu01,PF,23,BOS,16,0,5.4,0.7,1.8,.379,0.1,0.7,.182,0.6,1.1,.500,.414,0.6,0.8,.750,0.4,0.6,1.0,0.4,0.3,0.1,0.1,0.8,2.1
463,Nick Young\youngni01,SG,33,DEN,4,0,9.3,0.8,2.3,.333,0.8,2.0,.375,0.0,0.3,.000,.500,0.0,0.0,,0.0,0.3,0.3,0.5,0.0,0.3,0.5,1.0,2.3
464,Thaddeus Young\youngth01,PF,30,IND,35,35,29.8,5.2,10.2,.513,0.4,1.4,.265,4.9,8.8,.552,.531,1.3,2.1,.611,2.2,3.7,5.9,1.6,1.5,0.5,1.1,2.2,12.1
465,Trae Young\youngtr01,PG,20,ATL,33,33,29.2,5.4,14.1,.382,1.3,5.1,.254,4.1,9.0,.455,.428,3.4,4.3,.782,0.6,2.2,2.8,7.2,0.8,0.3,3.9,1.5,15.5
466,Cody Zeller\zelleco01,C,26,CHO,32,32,24.4,3.7,6.4,.571,0.1,0.4,.308,3.5,6.0,.589,.580,1.7,2.0,.841,2.1,3.9,6.0,2.0,0.7,0.7,1.2,3.3,9.1
467,Ante Zizic\zizican01,C,22,CLE,24,2,10.8,1.5,3.3,.474,0.0,0.0,,1.5,3.3,.474,.474,0.8,1.4,.606,1.2,2.2,3.4,0.5,0.1,0.3,0.9,1.3,3.9
468,Ivica Zubac\zubaciv01,C,21,LAL,14,3,12.1,2.5,3.8,.660,0.0,0.0,,2.5,3.8,.660,.660,0.5,0.6,.875,1.1,2.6,3.8,0.5,0.2,0.9,0.5,1.8,5.5
